Ward number,Ward Name,Node,demand_LPS,Supplied_LPS,Demand_m3_day,Supplied_m3_day,Shortage_m3_day,Shortage_pct,Pressure_m,Head_m,Leakage_m3_day,CostImpact_Rs_day
1,Kempegowda Ward,J1,1306.5266898148147,6.598619645529303,112883.906,570.1207373737318,112313.78526262628,99.49494949494951,138.40921,219.40921,1553.438495676139,224627.57052525255
2,Chowdeshwari Ward,J2,113.5299074074074,0.5733833707444763,9808.984,49.540323232322756,9759.443676767678,99.49494949494951,124.93788,206.93788,115.16416188708801,19518.887353535356
3,Attur,J3,1970.575335648148,9.95240068509156,170257.709,859.8874191919108,169397.8215808081,99.49494949494951,145.77188,228.77188,2531.013985813438,338795.6431616162
4,Yelahanka Satellite town,J4,4695.328275462963,23.71377916900463,405676.363,2048.870520202,403627.49247979803,99.49494949494951,93.2497,177.2497,2834.645331026165,807254.9849595961
5,Jakkur,J5,1250.8902314814816,6.317627431724593,108076.91600000001,545.8430101010049,107531.07298989901,99.49494949494951,102.00288,187.00287,897.0850920277121,215062.14597979802
6,Thanisandra,J6,618.4139814814815,3.123302936775129,53430.96800000001,269.85337373737116,53161.114626262635,99.49494949494951,133.66837,219.66837,697.2877840123241,106322.22925252527
7,Byatarayanapura,J7,3474.46380787037,17.547797009446143,300193.673,1516.129661616147,298677.54333838384,99.49494949494951,118.655075,205.65508,3241.569706651071,597355.0866767677
8,Kodigehalli,J8,1552.8685532407408,7.842770470912756,134167.84300000002,677.6153686868621,133490.22763131317,99.49494949494951,141.31906,229.31906,1904.896117248137,266980.45526262635
9,Vidyaranyapura,J9,4782.195775462963,24.152503916479375,413181.715,2086.7763383838183,411094.9386616162,99.49494949494951,79.45963,168.45964,2065.908575,822189.8773232324
10,Doddabommasandra,J10,328.83016203703704,1.6607583941264337,28410.926000000003,143.4895252525239,28267.43647474748,99.49494949494951,97.892975,187.89297,218.30802829672754,56534.87294949496
11,Kuvempunagar,J11,752.9620833333335,3.8028388047137685,65055.92400000001,328.56527272726964,64727.358727272745,99.49494949494951,127.70202,218.70201,790.7744681649721,129454.71745454549
12,Shettyhalli,J12,1626.2835069444443,8.213553065375901,140510.895,709.650984848478,139801.24401515152,99.49494949494951,117.255356,209.25536,1487.771987265543,279602.48803030304
13,Mallasandra,J13,866.2019444444444,4.374757295173919,74839.848,377.9790303030266,74461.86896969697,99.49494949494951,135.64398,228.64398,998.8572907972558,148923.73793939393
14,Bagalagunte,J14,3162.1723842592587,15.970567597268829,273211.69399999996,1379.857040404027,271831.8369595959,99.49494949494951,85.252335,179.25233,1581.3083714208235,543663.6739191918
15,T. Dasarahalli,J15,1687.0107407407406,8.520256266367294,145757.728,736.1501414141343,145021.57785858586,99.49494949494951,94.02963,189.02963,1035.527689022096,290043.1557171717
16,Jalahalli,J16,1096.5128587962963,5.537943731294372,94738.71100000001,478.4783383838338,94260.23266161617,99.49494949494951,123.49369,219.4937,1091.7739740850384,188520.46532323235
17,J.P.Park,J17,1507.5181018518515,7.61372778713049,130249.56399999998,657.8260808080744,129591.7379191919,99.49494949494951,111.98996,208.98996,1276.2495713566154,259183.4758383838
18,Radhakrishna Temple Ward,J18,1160.2363194444445,5.859779391133501,100244.418,506.28493939393456,99738.13306060607,99.49494949494951,131.48242,229.48242,1275.3458745197338,199476.26612121213
19,Sanjaynagar,J19,985.8408217592593,4.97899404928914,85176.64700000001,430.1850858585817,84746.46191414143,99.49494949494951,80.16004,179.16003,427.927985587882,169492.92382828286
20,Ganganagar,J20,843.9545949074075,4.262396943976764,72917.67700000001,368.27109595959246,72549.40590404042,99.49494949494951,88.01932,188.01932,452.300912827946,145098.81180808085
21,Hebbal,J21,1945.341412037037,9.824956626449586,168077.498,848.8762525252442,167228.62174747474,99.49494949494951,116.70102,217.70102,1765.679832347194,334457.2434949495
22,VishwanathNagenahalli,J22,923.2273148148148,4.662764216236393,79766.84000000001,402.8628282828244,79363.97717171718,99.49494949494951,107.08333,209.08333,722.8869476165802,158727.95434343437
23,Nagavara,J23,2299.996701388889,11.616144956509428,198719.71500000003,1003.6349242424146,197716.0800757576,99.49494949494951,126.16255,229.16255,2369.6098919509873,395432.1601515152
24,HBR Layout,J24,2780.4597106481483,14.042725811354147,240231.71900000004,1213.2915101009985,239018.42748989904,99.49494949494951,72.03724,176.03723,1201.158595,478036.8549797981
25,Horamavu,J25,1420.9597685185186,7.176564487467195,122770.92400000001,620.0551717171658,122150.86882828285,99.49494949494951,109.80594,189.80594,1162.7500391732842,244301.7376565657
26,Ramamurthynagar,J26,3054.0831481481487,15.424662364384439,263872.78400000004,1332.6908282828156,262540.09317171725,99.49494949494951,133.66945,214.66945,3443.6499980873214,525080.1863434345
27,Banasawadi,J27,3339.578993055556,16.86656057098749,288539.62500000006,1457.2708333333194,287082.35416666674,99.49494949494951,123.73842,205.73842,3335.738220733876,574164.7083333335
28,Kammanahalli,J28,2119.1400925925927,10.702727740366527,183093.70400000003,924.715676767668,182168.98832323236,99.49494949494951,145.96176,228.96176,2727.045964113856,364337.9766464647
29,Kacharakanahalli,J29,1558.8626041666666,7.873043455387129,134685.72900000002,680.230954545448,134005.4980454546,99.49494949494951,94.5731,178.5731,967.8469345934849,268010.9960909092
30,Kadugondanahalli,J30,1608.3883564814814,8.12317351758316,138964.75400000002,701.8421919191851,138262.91180808083,99.49494949494951,103.59526,188.59526,1186.6601952199057,276525.82361616165
31,Kushalnagar,J31,673.1219791666666,3.3996059553871723,58157.739,293.7259545454517,57864.01304545455,99.49494949494951,132.93115,218.93115,752.5420960004774,115728.0260909091
32,Kavalbyrasandra,J32,1304.9144444444444,6.590476992143595,112744.60800000001,569.4172121212066,112175.1907878788,99.49494949494951,120.0698,207.0698,1241.37112404576,224350.3815757576
33,Manorayanapalya,J33,691.3873611111111,3.491855359146992,59735.868,301.6963030303001,59434.1716969697,99.49494949494951,141.19621,229.19621,847.020648399042,118868.3433939394
34,Gangenahalli,J34,555.6917129629629,2.80652380284322,48011.764,242.4836565656542,47769.28034343435,99.49494949494951,87.547844,176.54785,294.4166157255224,95538.5606868687
35,Aramane Nagar,J35,923.5133912037036,4.664209046483306,79791.557,402.98766161615765,79388.56933838384,99.49494949494951,97.344864,187.34486,606.5538406769872,158777.13867676767
36,Mathikere,J36,1053.072824074074,5.318549616535676,90985.49200000001,459.5226868686824,90525.96931313133,99.49494949494951,127.01393,218.01393,1096.5652927855342,181051.93862626265
37,Yeshwanthpur,J37,715.0877777777778,3.6115544332210647,61783.584,312.0383030303,61471.545696969704,99.49494949494951,116.87473,208.87473,650.655866764848,122943.09139393941
38,H.M.T,J38,1592.078599537037,8.040801007762735,137555.59100000001,694.7252070707003,136860.8657929293,99.49494949494951,136.18579,229.18579,1847.0783873877836,273721.7315858586
39,Chokkasandra,J39,1631.141400462963,8.238087881125995,140930.61700000003,711.770792929286,140218.84620707075,99.49494949494951,84.55751,178.55751,800.9969894425504,280437.6924141415
40,Doddabidirakalu,J40,-2.3148148148148147e-05,-1.1690983913206021e-07,-0.002,-1.0101010101010003e-05,0.0,0.0,94.99999,190.0,-1.4499997e-05,0.0
41,Peenya Industrial Area,J41,2259.3428703703703,11.410822577628021,195207.22400000002,985.8950707070611,194221.32892929297,99.49494949494951,121.608986,217.609,2194.3923175772297,388442.65785858594
42,Lakshmidevinagar,J42,1216.639189814815,6.144642372802036,105117.62600000002,530.8971010100959,104586.72889898992,99.49494949494951,110.874176,207.87418,1012.4011428739266,209173.45779797985
43,Nandini Layout,J43,1786.1737962962964,9.021079779274137,154325.41600000003,779.4212929292855,153545.99470707073,99.49494949494951,130.48698,228.48698,1940.3407086625516,307091.98941414146
44,Marappanahalli,J44,1438.0477314814814,7.2628673307144815,124247.324,627.5117373737312,123619.81226262626,99.49494949494951,79.705185,178.70518,621.23662,247239.62452525253
45,Malleshwaram,J45,1222.007523148148,6.171755167414829,105581.45,533.2396464646413,105048.21035353535,99.49494949494951,88.27813,188.27812,659.009795303275,210096.4207070707
46,Jayachamarajendra Nagar,J46,2098.732164351852,10.599657395716322,181330.45900000003,915.8103989898904,180414.64860101015,99.49494949494951,116.95577,217.95578,1911.8333055197647,360829.2972020203
47,Devarajeevanahalli,J47,925.9487037037036,4.676508604564114,80001.968,404.05034343433954,79597.91765656565,99.49494949494951,105.94634,207.94633,711.373579359568,159195.8353131313
48,Muneshwaranagar,J48,429.7663194444444,2.1705369668911123,37131.81,187.53439393939212,36944.275606060604,99.49494949494951,126.51579,229.5158,444.74137144198494,73888.55121212121
49,Lingarajapura,J49,1102.8784375,5.570093118686815,95288.69700000001,481.25604545454087,94807.44095454547,99.49494949494951,73.962326,177.96233,476.44348500000007,189614.88190909094
50,Benniganahalli,J50,4257.529444444444,21.50267396184042,367850.544,1857.8310303030123,365992.71296969696,99.49494949494951,107.00795,187.00795,3329.4860849737197,731985.4259393939
51,Vijinapura,J51,1503.8759606481483,7.595333134586534,129934.88300000002,656.2367828282765,129278.64621717174,99.49494949494951,137.68922,218.68922,1774.0507226591897,258557.2924343435
52,K.R.Puram,J52,1947.938449074074,9.83807297512149,168301.882,850.0095050504967,167451.87249494952,99.49494949494951,125.676216,207.67622,1994.6183773157766,334903.74498989905
53,Basavanapura,J53,2184.0846064814814,11.03073033576495,188704.91,953.0551010100918,187751.8548989899,99.49494949494951,144.82774,227.82774,2778.5214763305103,375503.7097979798
54,Hoodi,J54,3649.2696180555554,18.43065463664404,315296.895,1592.408560606045,313704.48643939395,99.49494949494951,93.83153,177.83153,2230.6402443149027,627408.9728787879
55,Devasandra,J55,943.0779282407408,4.763019839599655,81481.933,411.5249141414102,81070.4080858586,99.49494949494951,104.18968,189.18968,703.062947757716,162140.8161717172
56,A. Narayanapura,J56,2640.1353587962963,13.334016963617529,228107.695,1152.0590656565546,226955.63593434345,99.49494949494951,131.95073,217.95073,2918.0926660801024,453911.2718686869
57,C.V. Ramannagar,J57,941.2338310185186,4.753706217265199,81322.603,410.7202171717132,80911.8827828283,99.49494949494951,122.131,209.131,920.5434030489502,161823.7655656566
58,Hosathippasandra,J58,1752.9910185185186,8.853489992517684,151458.424,764.9415353535279,150693.48246464648,99.49494949494951,140.92093,228.92093,2141.3403269621485,301386.96492929297
59,Maruthiseva Nagar,J59,1866.8782060185183,9.428677808174243,161298.277,814.6377626262546,160483.63923737375,99.49494949494951,89.54949,178.5495,1037.5388274843096,320967.2784747475
60,Sagayapuram,J60,1138.4801851851853,5.7498999251776475,98364.68800000001,496.7913535353488,97867.89664646467,99.49494949494951,98.853775,188.85378,770.0052943245801,195735.79329292933
61,S.K. Garden,J61,918.932199074074,4.641071712495278,79395.742,400.98859595959203,78994.75340404041,99.49494949494951,127.71075,218.71074,965.183269643975,157989.50680808083
62,Ramaswamy palya,J62,911.4663888888888,4.603365600448889,78750.696,397.73078787878404,78352.96521212121,99.49494949494951,117.12437,209.12437,832.288976409228,156705.93042424243
63,Jayamahal,J63,1388.467048611111,7.01245984147019,119963.553,605.8765303030244,119357.67646969698,99.49494949494951,136.09616,229.09616,1609.2419644884717,238715.35293939395
64,Rajamahal,J64,1067.1694212962964,5.389744552001445,92203.43800000001,465.67392929292487,91737.76407070708,99.49494949494951,85.67901,179.679,539.5608269654572,183475.52814141416
65,Kadumalleshwara,J65,1823.0098842592597,9.20712062757193,157508.05400000006,795.4952222222148,156712.55877777786,99.49494949494951,94.0444,189.0444,1119.3561870396402,313425.1175555557
66,Subramanyanagar,J66,1403.1321759259258,7.08652614103996,121230.62,612.2758585858526,120618.34414141414,99.49494949494951,123.55947,219.55948,1398.2643332457098,241236.68828282828
67,Nagapura,J67,2038.6260416666669,10.296091119528521,176137.29000000004,889.5822727272642,175247.70772727276,99.49494949494951,111.391205,208.3912,1710.060716780168,350495.4154545455
68,Mahalakshmipuram,J68,1386.1658449074075,7.000837600542394,119764.72900000002,604.872368686863,119159.85663131316,99.49494949494951,130.98643,228.98643,1514.780040744121,238319.71326262632
69,Laggere,J69,2870.61625,14.498061868686728,248021.244,1252.6325454545333,246768.61145454546,99.49494949494951,76.255516,175.25552,1240.1062200000001,493537.2229090909
70,Rajagopalanagar,J70,2328.2912962962964,11.759046950991282,201164.36800000002,1015.9816565656469,200148.38634343437,99.49494949494951,87.61346,187.61346,1235.5553703789922,400296.77268686873
71,Hegganahalli,J71,2799.5065277777776,14.138921857463385,241877.364,1221.6028484848366,240655.76115151515,99.49494949494951,114.11446,215.11446,2447.1141688625157,481311.5223030303
72,herohalli,J72,2386.931747685185,12.055210846894758,206230.90300000002,1041.570217171707,205189.3327828283,99.49494949494951,104.452965,206.45296,1787.5980729466094,410378.6655656566
73,Kottigepalya,J73,2364.2543171296297,11.940678369341448,204271.57300000003,1031.6746111111013,203239.89838888892,99.49494949494951,124.57355,227.57355,2387.1242409041224,406479.79677777784
74,Shakthiganapathi nagar,J74,1872.5648032407407,9.457397996165266,161789.59900000002,817.1191868686791,160972.47981313133,99.49494949494951,75.23979,179.23979,808.947995,321944.95962626266
75,Shankaramata,J75,1717.7743171296297,8.675627864290975,148415.70100000003,749.5742474747403,147666.12675252528,99.49494949494951,108.91292,188.91292,1385.748198463538,295332.25350505055
76,Gayathrinagar,J76,1371.4413078703703,6.92647125187049,118492.52900000001,598.4471161616103,117894.0818838384,99.49494949494951,138.63759,219.63759,1634.6800950347665,235788.1637676768
77,Dattathreya Temple,J77,1340.3745717592592,6.769568544238617,115808.363,584.8907222222166,115223.47227777778,99.49494949494951,124.295204,206.2952,1348.5050745986578,230446.94455555556
78,Pulikeshinagar,J78,1373.6724652777775,6.9377397236250715,118685.30099999999,599.4207121212062,118085.88028787878,99.49494949494951,146.32727,229.32727,1774.23730566874,236171.76057575757
79,Sarvagnanagar,J79,925.9092013888888,4.676309097923635,79998.55500000001,404.0331060606021,79594.52189393941,99.49494949494951,92.428764,176.42877,549.135249065403,159189.04378787882
80,Hoysalanagar,J80,1783.114525462963,9.005628916479523,154061.095,778.0863383838308,153283.00866161616,99.49494949494951,104.66094,189.66095,1340.199188019395,306566.0173232323
81,Vignananagar,J81,2309.1759953703704,11.66250502712297,199512.806,1007.6404343434247,198505.16556565659,99.49494949494951,133.1784,219.1784,2589.0298003885605,397010.33113131317
82,Garudacharpalya,J82,2177.9264930555555,10.999628752805728,188172.84900000002,950.367924242415,187222.4810757576,99.49494949494951,122.10446,209.10446,2129.301674070981,374444.9621515152
83,Kadugodi,J83,539.4557291666666,2.724523884680108,46608.975,235.39886363636134,46373.576136363634,99.49494949494951,140.27942,228.27942,654.4791719691748,92747.15227272727
84,Hagadooru,J84,1426.0985648148148,7.202518004115157,123214.91600000001,622.2975555555496,122592.61844444447,99.49494949494951,90.39357,179.39357,808.171008173518,245185.23688888893
85,Doddanekkundi,J85,5084.986134259259,25.681748152824294,439342.802,2218.903040404019,437123.898959596,99.49494949494951,94.65909,184.65909,3162.768861305528,874247.797919192
86,Marathalli,J86,1838.618333333333,9.285951178451088,158856.62399999998,802.306181818174,158054.31781818182,99.49494949494951,127.86558,218.86559,1934.8477866902876,316108.63563636364
87,HAL Airport,J87,1081.4339351851852,5.461787551440276,93435.892,471.89844444443986,92963.99355555557,99.49494949494951,116.772316,208.77232,982.5575819548809,185927.98711111114
88,Jeevanbhimanagar,J88,1762.7982407407408,8.903021417882442,152305.768,769.2210505050431,151536.54694949498,99.49494949494951,136.55017,229.55017,2053.4664008570844,303073.09389898996
89,Jogupalya,J89,1484.5079398148146,7.497514847549496,128261.48599999999,647.7852828282765,127613.70071717171,99.49494949494951,85.7342,179.7342,751.62898195318,255227.40143434342
90,Ulsoor,J90,3785.023888888889,19.116282267115416,327026.064,1651.646787878772,325374.41721212125,99.49494949494951,91.278656,186.27866,2188.3924918334974,650748.8344242425
91,Bharathinagar,J91,1111.8141203703703,5.615222830153331,96060.74,485.1552525252478,95575.58474747476,99.49494949494951,123.47738,219.47737,1106.77409440918,191151.1694949495
92,Shivajinagar,J92,2408.015775462963,12.161695835671413,208052.56300000002,1050.7705202020102,207001.79247979802,99.49494949494951,111.13331,208.1333,2011.8675560260297,414003.58495959605
93,Vasanthnagar,J93,2937.339259259259,14.835046763935507,253786.112,1281.748040404028,252504.36395959597,99.49494949494951,131.3155,229.3155,3222.4047445503993,505008.72791919194
94,Gandhinagar,J94,4449.64650462963,22.472962144593872,384449.45800000004,1941.6639292929106,382507.7940707071,99.49494949494951,74.13464,173.13464,1922.2472900000002,765015.5881414142
95,Subhashnagar,J95,691.9412268518519,3.4946526608679047,59783.722,301.937989898987,59481.784010101015,99.49494949494951,89.50849,189.50848,384.186548419967,118963.56802020203
96,Okalipuram,J96,1516.592673611111,7.659558957631799,131033.60699999999,661.7858939393875,130371.8211060606,99.49494949494951,117.84389,218.84389,1398.9912464416843,260743.6422121212
97,Dayanandanagar,J97,981.9858449074076,4.959524469229283,84843.57700000002,428.5029141414101,84415.0740858586,99.49494949494951,107.00253,209.00253,767.8665699874716,168830.1481717172
98,Prakashnagar,J98,956.5928703703704,4.831277123082632,82649.62400000001,417.42234343433944,82232.20165656567,99.49494949494951,125.02843,228.02843,971.4855413215481,164464.40331313133
99,Rajajinagar,J99,1340.6547800925923,6.77098373784131,115832.57299999999,585.0129949494892,115247.5600050505,99.49494949494951,74.69043,178.69043,579.1628649999999,230495.120010101
100,Basaveshwaranagar,J100,1991.5571296296296,10.058369341563688,172070.536,869.0431111111027,171201.4928888889,99.49494949494951,108.59662,188.59662,1598.448039678248,342402.9857777778
101,Kamakshipalya,J101,1110.876736111111,5.610488566217678,95979.75,484.7462121212074,95495.0037878788,99.49494949494951,136.94331,217.94331,1299.709448695875,190990.0075757576
102,Vrushabhavathi Nagar,J102,1152.2196412037038,5.8192911171903665,99551.77700000002,502.7867525252477,99048.99024747477,99.49494949494951,126.831406,208.8314,1197.0813380062693,198097.98049494953
103,Kaveripura,J103,1257.1734722222222,6.349360970819243,108619.78800000002,548.5847878787825,108071.20321212124,99.49494949494951,145.58688,228.58688,1611.7038901772162,216142.40642424248
104,Govindrajnagara,J104,786.2824421296297,3.971123445099101,67934.803,343.1050656565624,67591.69793434344,99.49494949494951,93.69526,177.69525,479.231733520067,135183.39586868687
105,Agrahara Dasarahalli,J105,1078.133263888889,5.445117494388275,93150.714,470.458151515147,92680.25584848486,99.49494949494951,102.57344,187.57344,781.163378015424,185360.5116969697
106,Dr. Rajkumar Ward,J106,992.576863425926,5.013014461747052,85758.64100000002,433.12444949494534,85325.51655050507,99.49494949494951,132.0797,218.0797,1098.7358493531551,170651.03310101014
107,Shivanagar,J107,1022.9245833333332,5.166285774410723,88380.684,446.3670909090865,87934.3169090909,99.49494949494951,121.895195,208.89519,997.3123185620068,175868.6338181818
108,Srirammandira ward,J108,1368.3003703703705,6.910607931163421,118221.15200000002,597.0765252525196,117624.0754747475,99.49494949494951,141.01782,229.01782,1673.1453059392966,235248.150949495
109,Chikpet,J109,1309.4827083333332,6.613549031986468,113139.306,571.4106363636308,112567.89536363637,99.49494949494951,88.43676,177.43677,708.875905693284,225135.79072727275
110,Sampangiramnagar,J110,1539.0666203703704,7.773063739244219,132975.356,671.5927070707006,132303.7632929293,99.49494949494951,99.273,189.27301,1049.3018854282,264607.5265858586
111,Shanthala Nagar,J111,2712.3269444444445,13.698620931537466,234345.048,1183.5608484848372,233161.48715151518,99.49494949494951,127.4846,218.4846,2840.89236993912,466322.97430303035
112,Dommalur,J112,2292.377835648148,11.577665836606696,198061.445,1000.3103282828187,197061.13467171718,99.49494949494951,117.358086,209.3581,2100.1866993391404,394122.26934343437
113,Konena Agrahara,J113,1516.929675925926,7.661260989524804,131062.72400000002,661.932949494943,130400.79105050507,99.49494949494951,135.5864,228.5864,1748.10937020304,260801.58210101014
114,Agaram,J114,1825.2747569444443,9.218559378507205,157703.739,796.4835303030226,156907.25546969697,99.49494949494951,85.62098,179.62099,921.4861294266332,313814.51093939395
115,Vannarpet,J115,1255.9260532407409,6.343060874953175,108512.01100000001,548.0404595959544,107963.97054040406,99.49494949494951,93.093285,188.09328,755.6768578919202,215927.94108080812
116,Neelasandra,J116,731.628125,3.6950915404040043,63212.67,319.255909090906,62893.41409090909,99.49494949494951,122.24796,218.24796,716.6543030479801,125786.82818181819
117,Shanthinagar,J117,2851.2295949074078,14.400149469229193,246346.23700000005,1244.1729141414023,245102.06408585864,99.49494949494951,111.73496,208.73495,2404.3993816018283,490204.1281717173
118,Sudamnagar,J118,1191.504050925926,6.017697226898559,102945.95000000003,519.9290404040355,102426.02095959599,99.49494949494951,129.90799,227.90799,1285.4035664710752,204852.04191919198
119,Dharmarayaswamy Temple Ward,J119,1155.5782523148148,5.8362537995697155,99841.96100000001,504.25232828282344,99337.70867171719,99.49494949494951,78.37574,177.37575,499.209805,198675.41734343438
120,Cottonpet,J120,736.7414004629629,3.720916163954322,63654.457,321.48715656565344,63332.96984343435,99.49494949494951,87.5965,187.5965,390.80494739007503,126665.9396868687
121,Binnypet,J121,1217.716585648148,6.150083765899678,105210.713,531.3672373737322,104679.34576262627,99.49494949494951,117.55546,218.55547,1118.739073546447,209358.69152525254
122,Kempapura Agrahara,J122,1018.9685069444444,5.146305590628457,88038.879,444.64080303029874,87594.2381969697,99.49494949494951,107.480736,209.48074,803.1003737302414,175188.4763939394
123,Vijaynagar,J123,1082.9261226851852,5.469323851945327,93564.81700000001,472.54958080807626,93092.26741919194,99.49494949494951,124.54237,227.54237,1092.9638896694437,186184.53483838387
124,Hosahalli,J124,1360.3567939814816,6.870488858492265,117534.82700000002,593.6102373737317,116941.21676262628,99.49494949494951,75.256516,179.25652,587.6741350000001,233882.43352525256
125,Marenahalli,J125,1089.7547453703703,5.503811845304847,94154.81,475.52934343433884,93679.28065656566,99.49494949494951,108.28575,188.28575,870.2599625436249,187358.56131313133
126,Maruthi Mandira Ward,J126,1176.803460648148,5.943451821455236,101675.819,513.5142373737324,101162.30476262627,99.49494949494951,136.57785,217.57785,1371.2689804013728,202324.60952525254
127,Moodalapalya,J127,1555.1355787037037,7.854220094463074,134363.714,678.6046161616096,133685.1093838384,99.49494949494951,127.238335,209.23834,1623.8862900664285,267370.2187676768
128,Nagarabhavi,J128,3018.753958333333,15.246232112794463,260820.34199999998,1317.2744545454416,259503.06754545454,99.49494949494951,146.01277,229.01277,3886.7226971651,519006.1350909091
129,Jnanabharathi ward,J129,3865.018055555556,19.520293209876357,333937.56000000006,1686.5533333333174,332251.0066666667,99.49494949494951,93.856514,177.8565,2363.7693712898767,664502.0133333334
130,Ullalu,J130,2237.4519212962964,11.300262228769064,193315.84600000002,976.3426565656472,192339.50334343436,99.49494949494951,102.69852,187.69852,1624.7767695121884,384679.0066868687
131,Nayandanahalli,J131,1443.7469328703703,7.291651176112911,124739.735,629.9986616161556,124109.73633838384,99.49494949494951,133.38307,219.38307,1622.5471757929672,248219.47267676768
132,Attiguppe,J132,2012.2190972222224,10.162722713243449,173855.73000000004,878.0592424242341,172977.6707575758,99.49494949494951,120.63263,207.63263,1928.9109825704854,345955.3415151516
133,Hampinagar,J133,977.8694097222224,4.938734392536428,84487.91700000002,426.7066515151474,84061.21034848486,99.49494949494951,140.3951,228.3951,1187.8380144010052,168122.42069696973
134,Bapujinagar,J134,1531.3871064814814,7.734278315562962,132311.846,668.24164646464,131643.60435353534,99.49494949494951,89.41767,178.41766,848.4696254078231,263287.2087070707
135,Padarayanapura,J135,845.4156828703703,4.2697761761129405,73043.91500000001,368.9086616161581,72675.00633838386,99.49494949494951,97.263565,187.26357,554.3693311685463,145350.0126767677
136,Jagareevanram Nagar,J136,1519.3362731481484,7.6734155209501695,131270.65400000004,662.9831010100947,130607.67089898995,99.49494949494951,128.3854,219.3854,1609.0907353077407,261215.3417979799
137,Rayapuram,J137,945.9826157407408,4.777689978488543,81732.89800000002,412.7924141414102,81320.1055858586,99.49494949494951,116.403,208.403,854.9628928841001,162640.2111717172
138,Chalavadipalya,J138,645.7274421296296,3.26124970772537,55790.851,281.771974747472,55509.07902525253,99.49494949494951,136.66042,229.66042,753.1242124726128,111018.15805050507
139,K.R. Market,J139,625.7179050925926,3.160191439861548,54062.027,273.04054040403776,53788.986459595966,99.49494949494951,84.71945,178.71945,308.5815899987725,107577.97291919193
140,Chamrajpet,J140,1919.8642708333332,9.696284196127852,165876.273,837.7589545454465,165038.51404545453,99.49494949494951,92.828926,187.82892,1148.5835297209196,330077.02809090907
141,Azadnagar,J141,1270.8764930555556,6.418568146745168,109803.729,554.5642878787825,109249.16471212123,99.49494949494951,122.06321,218.06322,1241.8232417565134,218498.32942424246
142,Sunkenahalli,J142,765.7265393518519,3.8673057543022447,66158.773,334.135217171714,65824.63778282829,99.49494949494951,112.22567,209.22566,650.5954829454364,131649.27556565657
143,Vishweshrapuram,J143,1413.4279166666668,7.138524831649763,122120.17200000002,616.7685454545395,121503.40345454548,99.49494949494951,131.22246,229.22246,1548.8952038194684,243006.80690909096
144,Siddapura,J144,1469.9302199074075,7.423889999532289,127001.97100000002,641.4240959595897,126360.54690404043,99.49494949494951,80.104195,179.10419,636.9948005552519,252721.09380808086
145,Hombegowdanagar,J145,2314.1741435185186,11.687748199588365,199944.646,1009.8214444444347,198934.82455555556,99.49494949494951,88.46232,188.46233,1253.5225665108082,397869.6491111111
146,Lakkasandra,J146,1107.5055439814814,5.593462343340761,95688.479,483.27514646464175,95205.20385353536,99.49494949494951,116.625694,217.62569,1004.1409376769138,190410.40770707073
147,Adugodi,J147,1252.370162037037,6.325101828469823,108204.782,546.4887979797927,107658.29320202021,99.49494949494951,106.62057,208.62057,973.0948560348613,215316.58640404043
148,Ejipura,J148,1604.9609722222222,8.10586349607175,138668.628,700.3466060605992,137968.2813939394,99.49494949494951,126.36963,229.36963,1657.845085945146,275936.5627878788
149,Varthur,J149,1937.6723032407408,9.78622375374102,167414.88700000002,845.5297323232242,166569.3572676768,99.49494949494951,74.59241,178.5924,837.0744350000001,333138.7145353536
150,Bellandur,J150,3876.352743055556,19.577539106341003,334916.87700000004,1691.4993787878627,333225.37762121216,99.49494949494951,107.31236,187.31236,3046.6899322049585,666450.7552424243
151,Koramangala,J151,3358.960844907408,16.96444871165341,290214.21700000006,1465.7283686868548,288748.4886313132,99.49494949494951,136.21848,217.21848,3898.3814081195246,577496.9772626264
152,Sudduguntepalya,J152,1670.053252314815,8.434612385428276,144292.60100000002,728.7505101010031,143563.85048989902,99.49494949494951,127.11116,209.11116,1741.131776879074,287127.70097979804
153,Jayanagar,J153,2065.0049189814813,10.429317772633643,178416.425,901.0930555555468,177515.33194444445,99.49494949494951,144.35046,227.35046,2614.258978045825,355030.6638888889
154,Basavanagudi,J154,1591.831076388889,8.039550890852896,137534.20500000002,694.6171969696902,136839.58780303033,99.49494949494951,95.67054,179.67055,1010.956314123105,273679.17560606066
155,Hanumanthanagar,J155,1027.0805787037036,5.1872756500186545,88739.762,448.1806161616118,88291.58138383839,99.49494949494951,104.33176,189.33176,767.577998716168,176583.16276767678
156,Srinagar,J156,1662.925462962963,8.398613449307812,143676.76,725.6402020201949,142951.1197979798,99.49494949494951,133.44614,219.44614,1870.2290344559601,285902.2395959596
157,Gali Anjaneya swamy Temple Ward,J157,1607.2534722222222,8.117441778900034,138866.7,701.346969696963,138165.35303030306,99.49494949494951,121.24619,208.24619,1553.4918439309497,276330.7060606061
158,Deepanjali Nagar,J158,892.4407986111111,4.507276760662133,77106.885,389.4287121212083,76717.45628787878,99.49494949494951,138.1415,226.1415,1058.000918134125,153434.91257575757
159,Kengeri,J159,3357.9085300925926,16.959133990366464,290123.297,1465.2691767676627,288658.02782323235,99.49494949494951,88.99505,177.99506,1842.067519401978,577316.0556464647
160,Rajarajeshwarinagar,J160,5263.442534722222,26.58304310465743,454761.43500000006,2296.774924242402,452464.66007575765,99.49494949494951,90.223885,180.22388,2971.2214670812464,904929.3201515153
161,Hosakerehalli,J161,1955.8415046296293,9.877987397119243,168984.70599999998,853.4581111111027,168131.24788888887,99.49494949494951,128.50641,219.50641,2074.4497449448186,336262.49577777775
162,Girinagar,J162,2223.329710648148,11.228937932566296,192095.687,970.1802373737281,191125.5067626263,99.49494949494951,116.71874,208.71873,2018.5051729111572,382251.0135252526
163,Katriguppe,J163,1695.552175925926,8.563394827908633,146495.708,739.877313131306,145755.83068686872,99.49494949494951,136.1831,229.1831,1967.06599182022,291511.66137373744
164,Vidyapeetha Ward,J164,1250.1927083333333,6.314104587542026,108016.65,545.5386363636311,107471.11136363636,99.49494949494951,84.05559,178.05559,605.793936836025,214942.22272727272
165,Ganeshmandira Ward,J165,1289.6018055555555,6.5131404320987025,111421.596,562.735333333328,110858.86066666667,99.49494949494951,91.74268,186.74269,753.366202037592,221717.72133333335
166,Karisandra,J166,1402.0559837962962,7.081090827253953,121137.637,611.8062474747416,120525.83075252526,99.49494949494951,122.862495,218.86249,1384.527389033647,241051.66150505052
167,Yadiyuru,J167,1251.9739583333333,6.323100799663238,108170.55,546.3159090909038,107624.2340909091,99.49494949494951,111.059654,208.05965,1044.8137283984547,215248.4681818182
168,Pattabhiramnagar,J168,1754.3207175925927,8.860205644406948,151573.31000000003,765.5217676767603,150807.78823232328,99.49494949494951,130.31863,228.31863,1901.9107455647954,301615.57646464655
169,Byrasandra,J169,1356.6271527777778,6.851652286756387,117212.58600000001,591.9827575757519,116620.60324242426,99.49494949494951,78.91805,177.91805,586.06293,233241.20648484852
170,Jayanagar East,J170,1214.0591319444443,6.131611777497134,104894.70899999999,529.7712575757524,104364.93774242424,99.49494949494951,87.63026,187.63026,644.529630344151,208729.87548484848
171,Gurappanapalya,J171,2146.327789351852,10.840039340160764,185442.72100000002,936.5793989898901,184506.14160101014,99.49494949494951,116.58136,217.58136,1944.7756454420844,369012.2832020203
172,Madiwala,J172,2004.4513310185184,10.1234915708005,173184.595,874.6696717171633,172309.92532828284,99.49494949494951,107.08251,209.08252,1569.4640038900175,344619.8506565657
173,Jakkasandra,J173,1458.6777662037036,7.367059425271159,126029.759,636.5139343434282,125393.24506565658,99.49494949494951,125.74475,228.74475,1494.9287677022874,250786.49013131316
174,HSR Layout,J174,6622.302650462963,33.44597298213586,572166.949,2889.732065656538,569277.2169343435,99.49494949494951,60.76034,164.76035,2860.834745,1138554.433868687
175,Bommanahalli,J175,3444.3838310185183,17.395877934436793,297594.763,1503.003853535339,296091.75914646464,99.49494949494951,106.042465,186.04247,2650.4889949416197,592183.5182929293
176,BTM Layout,J176,2990.849942129629,15.105302738028284,258409.43499999997,1305.0981565656439,257104.3368434343,99.49494949494951,136.39597,217.39597,3478.034786596542,514208.6736868686
177,J.P.Nagar,J177,2044.6711689814813,10.326622065562937,176659.589,892.2201464646378,175767.36885353536,99.49494949494951,127.12735,209.12735,2132.122687248873,351534.7377070707
178,Sarakki,J178,2050.388090277778,10.355495405443222,177153.53100000002,894.7148030302944,176258.8161969697,99.49494949494951,145.44919,228.44919,2624.9509214384834,352517.6323939394
179,Shakambarinagar,J179,1310.16875,6.617013888888825,113198.58000000002,571.7099999999945,112626.87000000002,99.49494949494951,95.17433,179.17433,823.64979126771,225253.74000000005
180,Banashankari Temple Ward,J180,1391.7555555555557,7.029068462401728,120247.68000000002,607.3115151515093,119640.36848484851,99.49494949494951,104.084625,189.08463,1035.6564419880003,239280.73696969703
181,Kumaraswamy Layout,J181,3116.5813310185185,15.740309752618629,269272.62700000004,1359.9627626262495,267912.6642373738,99.49494949494951,128.53291,214.53291,3306.6507607481853,535825.3284747476
182,Padmanabhanagar,J182,2132.91375,10.772291666666563,184283.74800000002,930.7259999999911,183353.02200000003,99.49494949494951,120.57358,207.57358,2042.9764488266765,366706.04400000005
183,Chikkallasandra,J183,1532.3240393518518,7.739010299756752,132392.797,668.6504898989834,131724.146510101,99.49494949494951,140.9422,228.9422,1872.2102320000101,263448.293020202
184,Uttarahalli,J184,3790.194872685185,19.142398346894687,327472.837,1653.903217171701,325818.9337828283,99.49494949494951,86.21317,175.21318,1942.5608459994937,651637.8675656565
185,Yelachenahalli,J185,2298.943877314815,11.610827663206024,198628.75100000002,1003.1755101010006,197625.57548989903,99.49494949494951,97.49797,187.49797,1514.4837439203204,395251.15097979805
186,Jaraganahalli,J186,970.426261574074,4.901142735222549,83844.829,423.4587323232282,83421.37026767677,99.49494949494951,128.53302,219.53302,1029.610559413037,166842.74053535354
187,Puttenahalli,J187,1795.6226851851852,9.06880144032913,155141.80000000002,783.5444444444369,154358.25555555557,99.49494949494951,117.64095,209.64095,1651.6617105065002,308716.51111111115
188,Bilekahalli,J188,2940.935590277778,14.853210051907825,254096.83500000002,1283.3173484848362,252813.5176515152,99.49494949494951,132.26456,225.26456,3262.5230668001395,505627.0353030304
189,Hongasandra,J189,4084.2692361111112,20.62762240460137,352880.862,1782.2265757575585,351098.6354242425,99.49494949494951,81.65605,175.65605,1852.062562727265,702197.270848485
190,Mangammanapalya,J190,1059.0380555555555,5.348677048260329,91500.888,462.1256969696925,91038.76230303031,99.49494949494951,93.29118,188.29118,639.927655885176,182077.52460606062
191,Singasandra,J191,2011.3070717592595,10.158116524036565,173776.93100000004,877.6612676767593,172899.26973232327,99.49494949494951,122.69242,218.69241,1981.7283136844533,345798.53946464654
192,Begur,J192,3666.631284722222,18.518339821829226,316796.943,1599.9845606060453,315196.95843939396,99.49494949494951,109.465385,206.4654,2984.1662988477074,630393.9168787879
193,Arakere,J193,4201.209490740741,21.218229751215656,362984.50000000006,1833.2550505050328,361151.244949495,99.49494949494951,123.67268,221.67268,4192.798387018999,722302.48989899
194,Gottigere,J194,1149.8026041666667,5.807083859427554,99342.945,501.73204545454064,98841.21295454547,99.49494949494951,79.81573,178.81572,496.7147250000001,197682.42590909093
195,Konanakunte,J195,3458.085509259259,17.46507832959205,298778.588,1508.9827676767532,297269.6052323232,99.49494949494951,84.298,184.298,1686.5154956836002,594539.2104646465
196,Anjanapura,J196,3299.697164351852,16.665137193696058,285093.835,1439.8678535353395,283653.9671464647,99.49494949494951,113.37973,214.37973,2852.922460544682,567307.9342929294
197,Vasanthapura,J197,1771.0640393518518,8.944767875514316,153019.933,772.827944444437,152247.10505555556,99.49494949494951,107.41216,209.41217,1394.290697987792,304494.2101111111
198,Hemmigepura,J198,1111.0404282407408,5.6113152941451006,95993.89300000001,484.81764141413674,95509.07535858588,99.49494949494951,124.41762,227.41762,1119.5425042391992,191018.15071717175
