Ward number,Ward Name,connections,consumption_ML,demand_LPS,demand_m3_s,Node,Supplied_LPS,Pressure(m),Shortage_LPS,Shortage_pct,Leakage_pct,Demand_m3_day,Supplied_m3_day,Shortage_m3_day,Explanation,Shortage_pct_after,Shortage_LPS_after,Shortage_m3_day_after,Supplied_LPS_after,Supplied_m3_day_after,Leakage_pct_after,Pressure(m)_after
1,Kempegowda Ward,4218,112.883906,1306.526689814815,1.306526689814815,J1,1293.273681576942,8.912434099975588,13.25300823787302,1.0143694990074392,1.0,112883.90600000002,111738.8460882478,1145.0599117522288,Satisfactory supply.,0.916739158086505,11.977441776383818,1034.8509694795619,1294.5492480384312,111849.05503052045,0.8706507243000374,9.55008748950148
2,Chowdeshwari Ward,460,9.808984,113.5299074074074,0.1135299074074074,J2,108.24644719253718,129.1114675104137,5.283460214870217,4.653804742313647,2.3822293502082736,9808.984,9352.493037435212,456.4909625647868,Satisfactory supply.,4.205888530305965,4.774941354115129,412.55493299554723,108.75496605329228,9396.429067004454,2.074089709207641,138.3489400079554
3,Attur,6109,170.257709,1970.575335648148,1.970575335648148,J3,1673.3437040084807,137.9715671990359,297.2316316396673,15.083494970361228,2.5594313439807177,170257.709,144576.89602633275,25680.812973667256,"Moderate shortage: partial supply, review local distribution trunk and pressures.",13.631749075323462,268.6238850957686,23209.103672274414,1701.9514505523794,147048.60532772559,2.22837075343303,147.84294874259263
4,Yelahanka Satellite town,7741,405.676363,4695.328275462963,4.695328275462963,J4,4148.063161475174,10.535491406430696,547.2651139877889,11.655523999199572,1.0,405676.363,358392.65715145506,47283.70584854497,"Moderate shortage: partial supply, review local distribution trunk and pressures.",10.533711106789603,494.5923160526748,42732.7761069511,4200.735959410288,362943.5868930489,0.8706507243000374,11.289268851545252
5,Jakkur,3752,108.076916,1250.8902314814816,1.2508902314814816,J5,1197.8878827931246,98.91657627126276,53.00234868835696,4.237170245192823,1.778331525425255,108076.916,103497.51307332596,4579.402926674042,Satisfactory supply.,3.829353984961225,47.901014926726795,4138.647689669196,1202.9892165547549,103938.26831033081,1.5483056306570886,105.99371024298433
6,Thanisandra,3568,53.430968,618.4139814814815,0.6184139814814815,J6,617.2597273068488,129.63807793871604,1.154254174632683,0.1866474900628112,2.3927615587743207,53430.96800000001,53331.24043931175,99.72756068826384,Satisfactory supply.,0.16868317025163823,1.0431603092423418,90.12905071853834,617.3708211722392,53340.83894928147,2.083259584224149,138.91322756472792
7,Byatarayanapura,9681,300.193673,3474.46380787037,3.4744638078703702,J7,2896.2989708337677,9.732971459658632,578.1648370366029,16.640404649688435,1.0,300193.673,250240.2310800375,49953.44191996249,"Moderate shortage: partial supply, review local distribution trunk and pressures.",15.038810377974762,522.5180237169864,45145.55724914762,2951.945784153384,255048.1157508524,0.8706507243000374,10.429331418317636
8,Kodigehalli,5334,134.167843,1552.8685532407408,1.5528685532407407,J8,1299.9713826319414,9.063027133747989,252.8971706087993,16.28580668215726,1.0,134167.84300000002,112317.52745939976,21850.315540600262,"Moderate shortage: partial supply, review local distribution trunk and pressures.",14.718341512801077,228.5564969108654,19747.281333098774,1324.3120563298753,114420.56166690125,0.8706507243000374,9.711454926466857
9,Vidyaranyapura,12942,413.181715,4782.195775462963,4.782195775462963,J9,4180.394055278944,7.892750343902815,601.8017201840194,12.584213370598762,1.0,413181.715,361186.0463761008,51995.66862389928,"Moderate shortage: partial supply, review local distribution trunk and pressures.",11.373016619517896,543.8799203212855,46991.22511575907,4238.315855141677,366190.48988424096,0.8706507243000374,8.457448938362555
10,Doddabommasandra,1821,28.410926,328.83016203703704,0.328830162037037,J10,328.2935622180938,98.30027202774671,0.5365998189432162,0.1631844888008714,1.7660054405549344,28410.926000000003,28364.56377564331,46.36222435669388,Satisfactory supply.,0.14747841986817314,0.4849535270221757,41.89998473471598,328.34520851001486,28369.026015265288,1.5375739159369604,105.33331159322094
11,Kuvempunagar,4395,65.055924,752.9620833333335,0.7529620833333335,J11,750.3051759474129,129.45467780158836,2.65690738592059,0.3528607143348528,2.389093556031767,65055.92400000001,64826.36720185648,229.556798143539,Satisfactory supply.,0.31889881793336855,2.401187183236466,207.4625726316307,750.5608961500969,64848.461427368384,2.0800660349796103,138.7167057912698
12,Shettyhalli,7363,140.510895,1626.2835069444443,1.6262835069444446,J12,1370.0637140703636,9.457030927635966,256.2197928740809,15.75492783269268,1.0,140510.89500000002,118373.50489567942,22137.39010432059,"Moderate shortage: partial supply, review local distribution trunk and pressures.",14.23855832730476,231.5593257036221,20006.72574079295,1394.7241812408222,120504.16925920706,0.8706507243000374,10.133648309398685
13,Mallasandra,4505,74.839848,866.2019444444444,0.8662019444444444,J13,840.2054894135075,8.935185139087562,25.99645503093689,3.0012002625565826,1.0,74839.848,72593.75428532706,2246.093714672947,Satisfactory supply.,2.712342794846734,23.4943660289612,2029.9132249022473,842.7075784154832,72809.93477509775,0.8706507243000374,9.57446628563721
14,Bagalagunte,10291,273.211694,3162.1723842592587,3.1621723842592586,J14,2805.294756073324,85.79715681821686,356.8776281859345,11.285837228938211,1.5159431363643372,273211.694,242377.46692473523,30834.22707526475,"Moderate shortage: partial supply, review local distribution trunk and pressures.",10.199605695638402,322.52911461081203,27866.515502374168,2839.6432696484467,245345.17849762586,1.3198569896732806,91.93564235910522
15,T. Dasarahalli,4567,145.757728,1687.0107407407406,1.6870107407407406,J15,1374.1863914936014,75.74334864201737,312.82434924713925,18.543115446306103,1.3148669728403473,145757.728,118729.70422504716,27028.02377495283,"Moderate shortage: partial supply, review local distribution trunk and pressures.",16.7583903687771,282.7158454965315,24426.64905090032,1404.294895244209,121331.07894909968,1.144789882261646,81.16251948287173
16,Jalahalli,3105,94.738711,1096.5128587962963,1.0965128587962962,J16,1056.1039580391969,10.532025130465923,40.408900757099445,3.685219049912334,1.0,94738.711,91247.38197458662,3491.329025413392,Satisfactory supply.,3.3305266103591764,36.51965254822079,3155.297980166277,1059.9932062480755,91583.41301983372,0.8706507243000374,11.285554575697038
17,J.P.Park,5734,130.249564,1507.5181018518515,1.5075181018518518,J17,1235.0295131869927,10.065195461609328,272.488588664859,18.075311223800963,1.0,130249.564,106706.54993935618,23543.014060643814,"Moderate shortage: partial supply, review local distribution trunk and pressures.",16.33561104673685,246.26229357766874,21277.06216511058,1261.2558082741828,108972.50183488942,0.8706507243000374,10.785324881960767
18,Radhakrishna Temple Ward,5520,100.244418,1160.2363194444445,1.1602363194444445,J18,1106.8725408242935,22.81100441119908,53.36377862015093,4.599388738813407,1.0,100244.418,95633.78752721896,4610.63047278104,Satisfactory supply.,4.156709921047647,48.2276581979453,4166.869668302474,1112.008661246499,96077.54833169753,0.8706507243000374,24.443051741718023
19,Sanjaynagar,5805,85.176647,985.8408217592593,0.9858408217592592,J19,937.4428302728908,10.50113604458826,48.3979914863686,4.909310957523659,1.0,85176.64700000001,80995.06053557775,4181.586464422247,Satisfactory supply.,4.436802958279887,43.73981474374556,3779.1199938596164,942.1010070155137,81397.5270061404,0.8706507243000374,11.252455484102834
20,Ganganagar,3328,72.917677,843.9545949074075,0.8439545949074074,J20,827.6113125893595,11.395219252936377,16.343282318047955,1.9365120371008844,1.0,72917.67700000001,71505.61740772067,1412.0595922793434,Satisfactory supply.,1.750127952637925,14.770285273046706,1276.1526475912356,829.1843096343607,71641.52435240877,0.8706507243000374,12.210507209011753
21,Hebbal,7455,168.077498,1945.341412037037,1.9453414120370367,J21,1662.696855623307,111.70485643930076,282.6445564137296,14.529303425343848,2.034097128786016,168077.498,143657.00832585373,24420.48967414624,"Moderate shortage: partial supply, review local distribution trunk and pressures.",13.130896978631855,255.44077669724555,22070.083106642018,1689.9006353397913,146007.41489335799,1.7709881384741715,119.69694698785453
22,VishwanathNagenahalli,3277,79.76684,923.2273148148148,0.9232273148148148,J22,891.193632822606,8.886965576997023,32.03368199220881,3.469750242239559,1.0,79766.84000000001,76999.12987587316,2767.710124126841,Satisfactory supply.,3.1357960969386482,28.95052610383445,2501.325455371296,894.2767887109803,77265.51454462872,0.8706507243000374,9.522796783063118
23,Nagavara,9052,198.719715,2299.996701388889,2.299996701388889,J23,2003.7601945217912,11.1812573280752,296.2365068670979,12.879866596687329,1.0,198719.71500000003,173124.88080668278,25594.83419331726,"Moderate shortage: partial supply, review local distribution trunk and pressures.",11.640214016359186,267.7245384108684,23131.400118699028,2032.2721629780208,175588.314881301,0.8706507243000374,11.981237059137435
24,HBR Layout,8075,240.231719,2780.4597106481483,2.7804597106481483,J24,2454.552666251425,10.14249587736554,325.90704439672345,11.721336696540437,1.0,240231.71900000004,212073.35036412312,28158.36863587691,"Moderate shortage: partial supply, review local distribution trunk and pressures.",10.593189508703997,294.53936636212114,25448.20125368727,2485.920344286027,214783.51774631278,0.8706507243000374,10.8681558712467
25,Horamavu,6532,122.770924,1420.9597685185186,1.4209597685185185,J25,1360.8210245113842,9.3550100457848,60.13874400713439,4.232262259601803,1.0,122770.924,117574.9365177836,5195.987482216412,Satisfactory supply.,3.8249183798064803,54.35055135572043,4695.887637134246,1366.6092171627981,118075.03636286575,0.8706507243000374,10.024328191403379
26,Ramamurthynagar,9330,263.872784,3054.0831481481487,3.0540831481481487,J26,2601.892566167059,10.867541535798882,452.1905819810895,14.806099246357338,1.0,263872.78400000004,224803.5177168339,39069.26628316614,"Moderate shortage: partial supply, review local distribution trunk and pressures.",13.381051945008569,408.66845249745677,35308.95429578027,2645.414695650692,228563.82970421977,0.8706507243000374,11.645076002632646
27,Banasawadi,9609,288.539625,3339.578993055556,3.3395789930555555,J27,2999.439161697412,10.240799877311678,340.139831358144,10.185111119259144,1.0,288539.625,259151.5435706564,29388.08142934364,"Moderate shortage: partial supply, review local distribution trunk and pressures.",9.204821518808947,307.402285790401,26559.557492290645,3032.176707265155,261980.06750770935,0.8706507243000374,10.973493177477794
28,Kammanahalli,6628,183.093704,2119.1400925925927,2.119140092592593,J28,1803.3239343186688,146.86736002153262,315.816158273924,14.90303351712576,2.7373472004306523,183093.70400000003,155807.18792513298,27286.51607486703,"Moderate shortage: partial supply, review local distribution trunk and pressures.",13.468656552462681,285.41970093683597,24660.262160942628,1833.7203916557569,158433.4418390574,2.383273322715627,157.3752043295995
29,Kacharakanahalli,4861,134.685729,1558.8626041666669,1.5588626041666669,J29,1352.0685522184906,8.910809453480557,206.79405194817627,13.265700992213086,1.0,134685.72900000002,116818.7229116776,17867.006088322432,"Moderate shortage: partial supply, review local distribution trunk and pressures.",11.9889128871959,186.89067964461515,16147.35472129475,1371.9719245220517,118538.37427870528,0.8706507243000374,9.548346605249993
30,Kadugondanahalli,5210,138.964754,1608.3883564814814,1.6083883564814814,J30,1402.2251008971607,9.749548479002485,206.16325558432072,12.818002241406704,1.0,138964.75400000002,121152.2487175147,17812.505282485312,"Moderate shortage: partial supply, review local distribution trunk and pressures.",11.584303939182163,186.32059573723149,16098.099471696802,1422.0677607442499,122866.65452830322,0.8706507243000374,10.44709446523311
31,Kushalnagar,3137,58.157739,673.1219791666666,0.6731219791666666,J31,657.2299640257185,9.101064561883437,15.89201514094816,2.3609413498312257,1.0,58157.739,56784.66889182208,1373.0701081779212,Satisfactory supply.,2.133707083517129,14.362451350189858,1240.915796656404,658.7595278164767,56916.8232033436,0.8706507243000374,9.752213799126588
32,Kavalbyrasandra,5576,112.744608,1304.9144444444446,1.3049144444444445,J32,1252.0391373380312,101.50323902385216,52.8753071064134,4.052013320223808,1.830064780477043,112744.60800000002,108176.1814660059,4568.426533994119,Satisfactory supply.,3.662017916914943,47.78620075596666,4128.72774531552,1257.128243688478,108615.8802546845,1.5933472266383264,108.76543963990983
33,Manorayanapalya,2664,59.735868,691.3873611111111,0.6913873611111111,J33,685.8939767601582,117.81606964374352,5.493384350952852,0.7945450929453748,2.1563213928748706,59735.868,59261.23959207768,474.6284079223264,Satisfactory supply.,0.7180722609278345,4.964660855699848,428.9466979324668,686.4227002554112,59306.92130206754,1.8774027825301716,126.24539605516208
34,Gangenahalli,2322,48.011764,555.6917129629629,0.5556917129629629,J34,553.769176124371,9.691813297946991,1.9225368385918955,0.3459718390149959,1.0,48011.764,47845.65681714566,166.10718285433978,Satisfactory supply.,0.31267297836793606,1.7374978294650987,150.11981246578452,553.9542151334979,47861.64418753422,0.8706507243000374,10.385228534543797
35,Aramane Nagar,2953,79.791557,923.5133912037036,0.9235133912037036,J35,915.0228949386276,92.97610259955331,8.490496265075876,0.9193690471569014,1.6595220519910665,79791.557,79057.97812269744,733.5788773025557,Satisfactory supply.,0.8308822446713068,7.673308794673439,662.9738798597851,915.8400824090302,79128.58312014022,1.4448640765579064,99.62821652291738
36,Mathikere,4135,90.985492,1053.072824074074,1.053072824074074,J36,1035.2430776046804,9.807340398363442,17.82974646939374,1.6931161892883086,1.0,90985.492,89445.0019050444,1540.4900949556193,Satisfactory supply.,1.5301583017131042,16.11368124065408,1392.2220591925127,1036.95914283342,89593.26994080748,0.8706507243000374,10.509021193654572
37,Yeshwanthpur,3208,61.783584,715.0877777777778,0.7150877777777778,J37,711.401338938347,9.326677731794057,3.6864388394308207,0.5155225629623928,1.0,61783.584,61465.07568427318,318.50831572682296,Satisfactory supply.,0.46590490034171983,3.331628998411375,287.85274546274286,711.7561487793664,61495.73125453726,0.8706507243000374,9.993968799753867
38,H.M.T,3654,137.555591,1592.078599537037,1.592078599537037,J38,1377.1877120337797,131.1158445582046,214.8908875032573,13.49750493259226,2.422316891164092,137555.591,118989.01831971855,18566.572680281435,"Moderate shortage: partial supply, review local distribution trunk and pressures.",12.19840632065607,194.20821651573848,16779.58990695981,1397.8703830212985,120776.00109304018,2.108991955776232,140.49672320092222
39,Chokkasandra,5811,140.930617,1631.141400462963,1.631141400462963,J39,1351.8969428810776,9.217134717832096,279.2444575818854,17.11957390711977,1.0,140930.61700000003,116803.89586492511,24126.7211350749,"Moderate shortage: partial supply, review local distribution trunk and pressures.",15.471860880842176,252.3679282494504,21804.589000752512,1378.7734722135126,119126.02799924751,0.8706507243000374,9.876588367487527
40,Doddabidirakalu,1,-2e-06,-2.3148148148148147e-05,-2.3148148148148148e-08,J40,0.0,96.29882672691268,0.0,0.0,1.7259765345382534,-0.002,0.0,0.0,Satisfactory supply.,0.0,0.0,0.0,-2.3148148148148147e-05,-0.002,1.5027227199205988,103.18866990341938
41,Peenya Industrial Area,7549,195.207224,2259.3428703703703,2.25934287037037,J41,1999.2570102084528,9.253675755800296,260.0858601619177,11.511571066647456,1.0,195207.224,172735.8056820103,22471.41831798969,"Moderate shortage: partial supply, review local distribution trunk and pressures.",10.403613257513733,235.05329439454317,20308.60463568853,2024.2895759758271,174898.61936431145,0.8706507243000374,9.915743788513806
42,Lakshmidevinagar,5141,105.117626,1216.639189814815,1.216639189814815,J42,1208.7340777334744,113.093354729462,7.905112081340576,0.6497499133283563,2.06186709458924,105117.62600000002,104434.6243161722,683.0016838278258,Satisfactory supply.,0.5872132286058105,7.14426626699515,617.264605468381,1209.4949235478198,104500.36139453163,1.7951660793145354,121.18478745896662
43,Nandini Layout,6437,154.325416,1786.1737962962964,1.7861737962962965,J43,1474.1310822515884,100.87846276899504,312.042714044708,17.46989652920344,1.817569255379901,154325.41600000003,127364.92550653724,26960.49049346277,"Moderate shortage: partial supply, review local distribution trunk and pressures.",15.788465891089318,282.009440583816,24365.6156664417,1504.1643557124803,129959.80033355832,1.5824679886619906,108.09596283611894
44,Marappanahalli,4439,124.247324,1438.0477314814816,1.4380477314814817,J44,1406.3837080539251,10.89426211758974,31.664023427556454,2.2018756912147888,1.0,124247.32400000002,121511.55237585914,2735.771624140878,Satisfactory supply.,1.9899510674862897,28.61644618357811,2472.460950261149,1409.4312852979035,121774.86304973888,0.8706507243000374,11.673708348298323
45,Malleshwaram,3652,105.58145,1222.007523148148,1.222007523148148,J45,1162.6766921350109,86.15093572670283,59.33083101313719,4.8551935965409205,1.5230187145340566,105581.45,100455.26620046496,5126.183799535053,Satisfactory supply.,4.38789424799855,53.62039781832714,4632.802371503465,1168.387125329821,100948.64762849653,1.3260173469315883,92.31473290721829
46,Jayachamarajendra Nagar,5320,181.330459,2098.732164351852,2.098732164351852,J46,1731.5505613330172,10.194457618223552,367.18160301883495,17.495400759354684,1.0,181330.45900000003,149605.96849917268,31724.49050082734,"Moderate shortage: partial supply, review local distribution trunk and pressures.",15.811515407561744,331.84135952994717,28671.09346338744,1766.890804821905,152659.3655366126,0.8706507243000374,10.9238352923492
47,Devarajeevanahalli,3766,80.001968,925.9487037037036,0.9259487037037036,J47,910.554665391966,10.382943995459629,15.394038311737518,1.6625152397927532,1.0,80001.968,78671.92308986587,1330.0449101341217,Satisfactory supply.,1.5025026114496913,13.912403453832711,1202.0316584111463,912.0363002498709,78799.93634158885,0.8706507243000374,11.125807208549807
48,Muneshwaranagar,2197,37.13181,429.7663194444444,0.4297663194444444,J48,420.84692681760754,8.718468387731619,8.919392626836839,2.0754052198336224,1.0,37131.81,36361.17447704129,770.635522958703,Satisfactory supply.,1.8756530394302198,8.06092503310711,696.4639228604543,421.7053944113373,36435.34607713954,0.8706507243000374,9.342244211098059
49,Lingarajapura,5721,95.288697,1102.8784375,1.1028784375,J49,1083.9682141828923,9.691919740470654,18.910223317107693,1.7146244476384274,1.0,95288.697,93654.8537054019,1633.8432945981049,Satisfactory supply.,1.5495964479419573,17.09016509261776,1476.5902640021745,1085.7882724073822,93812.10673599782,0.8706507243000374,10.385342592656562
50,Benniganahalli,5855,367.850544,4257.529444444444,4.257529444444445,J50,3808.69836796484,88.61652520311961,448.8310764796042,10.542054549153477,1.5723305040623925,367850.544,329071.5389921622,38779.00500783781,"Moderate shortage: partial supply, review local distribution trunk and pressures.",9.527410101890387,405.63229038095756,35046.629888914744,3851.8971540634866,332803.91411108524,1.3689506922009649,94.95672665986089
51,Vijinapura,6196,129.934883,1503.8759606481483,1.5038759606481482,J51,1229.2552563768652,110.61802222706156,274.6207042712831,18.26086136471825,2.0123604445412315,129934.88300000002,106207.65415096116,23727.22884903886,"Moderate shortage: partial supply, review local distribution trunk and pressures.",16.50330248475208,248.18919878123504,21443.546774698705,1255.6867618669132,108491.33622530132,1.7520630785925686,118.53235360101579
52,K.R.Puram,8831,168.301882,1947.938449074074,1.947938449074074,J52,1752.3910851363378,78.28897286067391,195.54736393773624,10.038682897331125,1.365779457213478,168301.882,151406.5897557796,16895.29224422041,"Moderate shortage: partial supply, review local distribution trunk and pressures.",9.072486620113997,176.7264551603015,15269.165725850049,1771.2119939137724,153032.71627414995,1.1891168736570266,83.89027418275
53,Basavanapura,8086,188.70491,2184.0846064814814,2.1840846064814814,J53,1848.601312365968,9.367297936871465,335.4832941155132,15.360361641665998,1.0,188704.91,159719.15338841965,28985.756611580346,"Moderate shortage: partial supply, review local distribution trunk and pressures.",13.881968072841138,303.19392775559726,26195.955358083607,1880.890678725884,162508.95464191638,0.8706507243000374,10.037495237983778
54,Hoodi,5137,315.296895,3649.269618055556,3.649269618055556,J54,3062.601012207354,11.190893072385592,586.6686058482019,16.076329437143567,1.0,315296.895,264608.7274547154,50688.16754528465,"Moderate shortage: partial supply, review local distribution trunk and pressures.",14.52902589021972,530.2033276112139,45809.56750560888,3119.066290444342,269487.3274943911,0.8706507243000374,11.991562207145089
55,Devasandra,3223,81.481933,943.0779282407408,0.9430779282407408,J55,897.3170428310425,80.90040183607124,45.76088540969829,4.8522909973158495,1.4180080367214247,81481.933,77528.19250060208,3953.7404993979326,Satisfactory supply.,4.385271016156053,41.35652304690618,3573.2035912526944,901.7214051938346,77908.72940874731,1.2345897242347825,86.68854173883011
56,A. Narayanapura,8396,228.107695,2640.1353587962963,2.640135358796296,J56,2140.6590891522446,10.512614294013176,499.4762696440516,18.918585669477768,1.0,228107.695,184952.94530275397,43154.74969724607,"Moderate shortage: partial supply, review local distribution trunk and pressures.",17.097722591023285,451.4030196745081,39001.22089987751,2188.7323391217883,189106.4741001225,0.8706507243000374,11.264754962001307
57,C.V. Ramannagar,3244,81.322603,941.2338310185183,0.9412338310185184,J57,929.7392993693152,96.45248541913676,11.494531649203168,1.221219559943444,1.7290497083827354,81322.603,80329.47546550885,993.1275344911538,Satisfactory supply.,1.103680456004242,10.388213838251378,897.5416756249191,930.8456171802669,80425.06132437508,1.505398380954197,103.35332233594244
58,Hosathippasandra,6020,151.458424,1752.9910185185186,1.7529910185185185,J58,1575.775392071425,48.595041950821965,177.21562644709363,10.109328831408474,1.0,151458.424,136146.99387497111,15311.430125028894,"Moderate shortage: partial supply, review local distribution trunk and pressures.",9.136333072705165,160.1590981864585,13837.746083310018,1592.83192033206,137620.67791668998,0.8706507243000374,52.07184670096081
59,Maruthiseva Nagar,5577,161.298277,1866.8782060185183,1.8668782060185185,J59,1537.7371091725006,90.80198780323644,329.14109684601794,17.630560782429157,1.6160397560647288,161298.277,132860.48623250407,28437.790767495957,"Moderate shortage: partial supply, review local distribution trunk and pressures.",15.93366664129017,297.4621499458891,25700.729755324825,1569.416056072629,135597.54724467517,1.407006184115412,97.2985514410625
60,Sagayapuram,4406,98.364688,1138.480185185185,1.1384801851851851,J60,1136.1105004322746,98.30836174537733,2.369684752910416,0.2081445758781444,1.7661672349075466,98364.688,98159.94723734852,204.74076265146,Satisfactory supply.,0.1881112192721829,2.1416089575240576,185.0350139300786,1136.338576227661,98179.65298606992,1.5377147823072497,105.34198010176429
61,S.K. Garden,2880,79.395742,918.932199074074,0.918932199074074,J61,916.7167953028566,10.096396699359516,2.2154037712174386,0.2410845733177815,1.0,79395.742,79204.33111416681,191.4108858331867,Satisfactory supply.,0.2178808303948879,2.0021771061085976,172.98810196778285,916.9300219679654,79222.75389803221,0.8706507243000374,10.818758458798754
62,Ramaswamy palya,3129,78.750696,911.4663888888888,0.9114663888888888,J62,898.0661589803478,117.38437017542375,13.40022990854095,1.4701836591995814,2.147687403508475,78750.696,77592.91613590207,1157.779864097938,Satisfactory supply.,1.3286824291207093,12.110493756507697,1046.3466605622648,899.3558951323811,77704.34933943773,1.8698855934347205,125.78281000455259
63,Jayamahal,3072,119.963553,1388.467048611111,1.388467048611111,J63,1326.587605754921,9.181717845406048,61.87944285619005,4.45667348880107,1.0,119963.553,114617.16913722518,5346.383862774821,Satisfactory supply.,4.027730630690007,55.92371261394723,4831.808769845041,1332.543335997164,115131.74423015496,0.8706507243000374,9.838637542103674
64,Rajamahal,3692,92.203438,1067.1694212962964,1.0671694212962963,J64,1023.4210821857732,85.06264420391894,43.74833911052315,4.099474576153224,1.5012528840783788,92203.438,88423.5815008508,3779.8564991492,Satisfactory supply.,3.704911154384164,39.53767892578341,3416.0554591876867,1027.631742370513,88787.38254081231,1.3070669108803605,91.14857794437852
65,Kadumalleshwara,5601,157.508054,1823.00988425926,1.82300988425926,J65,1547.658357992198,8.674607141758154,275.3515262670617,15.104225635010463,1.0,157508.05400000006,133717.6821305259,23790.37186947413,"Moderate shortage: partial supply, review local distribution trunk and pressures.",13.650484469157474,248.84968112201588,21500.612448942175,1574.160203137244,136007.44155105788,0.8706507243000374,9.295244846867552
66,Subramanyanagar,4280,121.23062,1403.132175925926,1.403132175925926,J66,1376.1255622019876,121.2815593079898,27.00661372393847,1.9247376824009343,2.225631186159796,121230.62000000002,118897.24857425172,2333.3714257482843,Satisfactory supply.,1.739486847966298,24.407299659814825,2108.790690608001,1378.7248762661113,119121.82930939202,1.9377474042547778,129.9588293458055
67,Nagapura,5780,176.13729,2038.6260416666669,2.038626041666667,J67,1672.8530882991238,9.100661391541614,365.7729533675431,17.942130920122434,1.0,176137.29000000004,144534.50682904432,31602.783170955725,"Moderate shortage: partial supply, review local distribution trunk and pressures.",16.215248989727616,330.56828862567835,28561.100137258607,1708.0577530409885,147576.18986274142,0.8706507243000374,9.751781783361379
68,Mahalakshmipuram,5090,119.764729,1386.1658449074075,1.3861658449074077,J68,1346.8781846804272,9.59229450827524,39.287660226980506,2.834268379308164,1.0,119764.72900000004,116370.27515638892,3394.453843611116,Satisfactory supply.,2.5614776571856623,35.50632840884211,3067.7467745239583,1350.6595164985654,116696.98222547608,0.8706507243000374,10.278589524644456
69,Laggere,10212,248.021244,2870.61625,2.87061625,J69,2324.944244441624,76.19498931794385,545.672005558376,19.008880255533143,1.323899786358877,248021.244,200875.18271975635,47146.06128024369,"Moderate shortage: partial supply, review local distribution trunk and pressures.",17.179326565591893,493.15254003244786,42608.379458803494,2377.463709967552,205412.8645411965,1.152654307894021,81.64647346452611
70,Rajagopalanagar,8244,201.164368,2328.2912962962964,2.3282912962962965,J70,1938.4421936680528,11.431558801105629,389.8491026282436,16.744000342585643,1.0,201164.368,167481.40553291977,33682.96246708025,"Moderate shortage: partial supply, review local distribution trunk and pressures.",15.132435263562217,352.32717315919064,30441.067760954076,1975.9641231371058,170723.3002390459,0.8706507243000374,12.24944672435092
71,Hegganahalli,8643,241.877364,2799.506527777777,2.799506527777777,J71,2377.0671255333773,8.788101540199262,422.43940224439984,15.089780932917789,1.0,241877.364,205378.5996460838,36498.76435391615,"Moderate shortage: partial supply, review local distribution trunk and pressures.",13.63743003086038,381.78074393506324,32985.85627598946,2417.725783842714,208891.50772401053,0.8706507243000374,9.416859371308625
72,herohalli,10672,206.230903,2386.931747685185,2.386931747685185,J72,2026.648376516393,105.01643253210112,360.2833711687922,15.093995524513437,1.9003286506420227,206230.903,175102.41973101636,31128.483268983648,"Moderate shortage: partial supply, review local distribution trunk and pressures.",13.641238979330195,325.60706397523893,28132.450327460647,2061.3246837099464,178098.45267253934,1.6545225160895898,112.52998981721977
73,Kottigepalya,8452,204.271573,2364.2543171296293,2.364254317129629,J73,2068.539737050751,11.219904580662616,295.7145800788785,12.507731420277018,1.0,204271.573,178721.83328118487,25549.739718815104,"Moderate shortage: partial supply, review local distribution trunk and pressures.",11.30389585157744,267.2528456747567,23090.64586629898,2097.0014714548724,181180.927133701,0.8706507243000374,12.022649387049032
74,Shakthiganapathi nagar,6108,161.789599,1872.5648032407407,1.8725648032407407,J74,1518.7468423901348,8.759494875123746,353.8179608506059,18.89483131575865,1.0,161789.59900000002,131219.72718250766,30569.871817492352,"Moderate shortage: partial supply, review local distribution trunk and pressures.",17.07625453007443,319.7639320419764,27627.603728426762,1552.8008711987643,134161.99527157325,0.8706507243000374,9.386205999716818
75,Shankaramata,5206,148.415701,1717.7743171296297,1.7177743171296298,J75,1414.1797210372906,85.80790604019127,303.5945960923391,17.67371843116389,1.5161581208038255,148415.70100000003,122185.12789762192,26230.573102378097,"Moderate shortage: partial supply, review local distribution trunk and pressures.",15.972670482202961,274.3744313030279,23705.95086458161,1443.3998858266018,124709.75013541842,1.3200441660312343,91.94716065019698
76,Gayathrinagar,4371,118.492529,1371.4413078703703,1.3714413078703704,J76,1360.613463379898,131.5117869480543,10.827844490472444,0.7895229951390599,2.4302357389610854,118492.529,117557.0032360232,935.5257639768192,Satisfactory supply.,0.7135335265521517,9.785693528640406,845.4839208745312,1361.65561434173,117647.04507912547,2.1158865063463055,140.92099387955503
77,Dattathreya Temple,4480,115.808363,1340.3745717592592,1.3403745717592592,J77,1316.459349409237,10.970125071619751,23.915222350022304,1.7842193409140297,1.0,115808.363,113742.08778895807,2066.2752110419274,Satisfactory supply.,1.612493019586732,21.613446405933608,1867.4017694726642,1318.7611253533255,113940.96123052733,0.8706507243000374,11.754999030515052
78,Pulikeshinagar,3576,118.685301,1373.6724652777775,1.3736724652777776,J78,1328.955995133008,141.02068951573975,44.7164701447698,3.2552497975365213,2.620413790314795,118685.301,114821.7979794919,3863.503020508111,Satisfactory supply.,2.9419407441518612,40.41262994720227,3491.6512274382762,1333.2598353305752,115193.64977256174,2.2814651645033828,151.11022506285096
79,Sarvagnanagar,3434,79.998555,925.9092013888888,0.9259092013888888,J79,914.6566243450446,11.333306750053744,11.2525770438441,1.2153002720963275,1.0,79998.555,79026.33234341186,972.2226565881302,Satisfactory supply.,1.098330883720427,10.169546714063333,878.6488360950719,915.7396546748255,79119.90616390492,0.8706507243000374,12.144165083775194
80,Hoysalanagar,5465,154.061095,1783.114525462963,1.783114525462963,J80,1442.9245350509516,10.761672194541967,340.1899904120114,19.07841507396646,1.0,154061.095,124668.67982840222,29392.41517159779,"Moderate shortage: partial supply, review local distribution trunk and pressures.",17.242168844436666,307.44761716999966,26563.474123487973,1475.6669082929634,127497.62087651202,0.8706507243000374,11.531632081463883
81,Vignananagar,7018,199.512806,2309.1759953703704,2.3091759953703703,J81,1891.4797788063931,10.34662912095066,417.696216563977,18.088539695606112,1.0,199512.806,163423.8528888724,36088.953111127616,"Moderate shortage: partial supply, review local distribution trunk and pressures.",16.347566313646283,377.4940771419729,32615.488265066466,1931.6819182283975,166897.31773493355,0.8706507243000374,11.086894132184746
82,Garudacharpalya,4339,188.172849,2177.926493055556,2.177926493055556,J82,1791.449414178335,117.05722819821985,386.47707887722095,17.745184702492274,2.1411445639643967,188172.84900000005,154781.22938500816,33391.61961499189,"Moderate shortage: partial supply, review local distribution trunk and pressures.",16.037258316787174,349.27969764106336,30177.765876187874,1828.6467954144925,157995.08312381216,1.8641890654466897,125.43226216669599
83,Kadugodi,937,46.608975,539.4557291666666,0.5394557291666666,J83,530.2867053029868,11.214908856725437,9.169023863679854,1.6996805053574755,1.0,46608.975,45816.77133817806,792.2036618219395,Satisfactory supply.,1.5360908199843557,8.286529933608834,715.9561862638034,531.1691992330578,45893.0188137362,0.8706507243000374,12.017296236592236
84,Hagadooru,1998,123.214916,1426.0985648148148,1.4260985648148148,J84,1419.8580322148864,9.629739877253307,6.240532599928429,0.4375947605514061,1.0,123214.916,122675.7339833662,539.1820166338163,Satisfactory supply.,0.3954774396938169,5.639898091639898,487.2871951176872,1420.458666723175,122727.6288048823,0.8706507243000374,10.318713978391406
85,Doddanekkundi,6600,439.342802,5084.98613425926,5.08498613425926,J85,4225.5379889526375,62.054102504467565,859.4481453066228,16.901681196655225,1.0410820500893514,439342.80200000014,365086.4822455079,74256.31975449221,"Moderate shortage: partial supply, review local distribution trunk and pressures.",15.274939758765942,776.728568749703,67109.34833997434,4308.257565509557,372233.4536600258,0.9064188409660616,66.49385581451665
86,Marathalli,4592,158.856624,1838.6183333333329,1.8386183333333328,J86,1584.093592114067,105.15185772534008,254.52474121926596,13.843261355815152,1.9030371545068012,158856.62399999998,136865.6863586554,21990.93764134458,"Moderate shortage: partial supply, review local distribution trunk and pressures.",12.510884616423546,230.02741821974303,19874.368934185797,1608.5909151135897,138982.25506581418,1.6568806769412288,112.6751042078797
87,HAL Airport,4369,93.435892,1081.4339351851852,1.0814339351851852,J87,1038.017370816102,113.81848174914748,43.41656436908329,4.014721838893341,2.076369634982949,93435.892,89684.70083851121,3751.191161488796,Satisfactory supply.,3.628315640543126,39.23783661246508,3390.149083316983,1042.19609857272,90045.74291668303,1.807792726612509,121.96179477271683
88,Jeevanbhimanagar,6008,152.305768,1762.7982407407408,1.7627982407407408,J88,1572.9067893839865,136.4235692009382,189.89145135675423,10.772160248864356,2.528471384018764,152305.768,135899.14660277645,16406.621397223567,"Moderate shortage: partial supply, review local distribution trunk and pressures.",9.735368745787182,171.61490898036033,14827.528135903132,1591.1833317603805,137478.2398640969,2.201415441867855,146.1841969190648
89,Jogupalya,4071,128.261486,1484.5079398148148,1.4845079398148149,J89,1441.2381772499675,86.31290918491884,43.26976256484704,2.9147545394903536,1.5262581836983768,128261.486,124522.97851439724,3738.507485602785,Satisfactory supply.,2.6342172405379163,39.10516408775609,3378.6861771821264,1445.4027757270587,124882.79982281788,1.3288377931058515,92.48829499806665
90,Ulsoor,5605,327.026064,3785.023888888889,3.785023888888889,J90,3128.759973265397,84.27803083752707,656.2639156234918,17.338435235507617,1.4855606167505413,327026.064,270324.8616901303,56701.202309869695,"Moderate shortage: partial supply, review local distribution trunk and pressures.",15.669657393967121,593.1002756686997,51243.86381777566,3191.923613220189,275782.20018222433,1.2934044269654692,90.30782824452994
91,Bharathinagar,2232,96.06074,1111.8141203703703,1.1118141203703704,J91,1098.9695741501394,14.25021075911579,12.844546220230995,1.155278205672742,1.0,96060.74,94950.97120657204,1109.768793427958,Satisfactory supply.,1.0440857800440926,11.608293131309349,1002.9565265451276,1100.205827239061,95057.78347345488,0.8706507243000374,15.269763340383506
92,Shivajinagar,5135,208.052563,2408.015775462963,2.408015775462963,J92,2022.0397583354568,8.73427352350963,385.9760171275059,16.028799356735878,1.0,208052.563,174704.23512018353,33348.32787981651,"Moderate shortage: partial supply, review local distribution trunk and pressures.",14.48607045244348,348.826861739518,30138.64085429436,2059.1889137234452,177913.92214570564,0.8706507243000374,9.359180148886802
93,Vasanthnagar,3732,253.786112,2937.339259259259,2.937339259259259,J93,2393.537751053847,9.679770515550723,543.8015082054121,18.51340482687548,1.0,253786.112,206801.6616910524,46984.45030894761,"Moderate shortage: partial supply, review local distribution trunk and pressures.",16.73153931670021,491.46207302783364,42462.32310960483,2445.877186231425,211323.78889039517,0.8706507243000374,10.3723241333206
94,Gandhinagar,4770,384.449458,4449.64650462963,4.44964650462963,J94,3596.6732354319697,10.821170380510464,852.9732691976601,19.169461401263785,1.0,384449.458,310752.5675413222,73696.89045867784,"Moderate shortage: partial supply, review local distribution trunk and pressures.",17.324452207170943,770.8768820826127,66603.76261193774,3678.769622547017,317845.6953880623,0.8706507243000374,11.595387153882015
95,Subhashnagar,3091,59.783722,691.9412268518519,0.6919412268518519,J95,666.3223211805847,75.39580032147738,25.61890567126716,3.702468457881365,1.3079160064295476,59783.722,57570.24855000252,2213.4734499974825,Satisfactory supply.,3.346115809122047,23.153154781522865,2000.4325731235754,668.788072070329,57783.28942687643,1.1387380183214981,80.79010529941142
96,Okalipuram,3419,131.033607,1516.592673611111,1.516592673611111,J96,1301.4538181885737,18.423838339279005,215.13885542253752,14.185671549518776,1.0,131033.607,112445.60989149276,18587.997108507243,"Moderate shortage: partial supply, review local distribution trunk and pressures.",12.820338748279099,194.4323181885272,16798.952291488753,1322.1603554225837,114234.65470851125,0.8706507243000374,19.74199933024224
97,Dayanandanagar,3496,84.843577,981.9858449074076,0.9819858449074076,J97,937.097439233138,108.04204011237869,44.88840567426962,4.571186632379837,1.9608408022475732,84843.57700000002,80965.21874974313,3878.358250256896,Satisfactory supply.,4.131222191641869,40.568017143596734,3505.0766812067586,941.4178277638108,81338.50031879326,1.707207464713916,115.77206900416475
98,Prakashnagar,3074,82.649624,956.5928703703704,0.9565928703703704,J98,947.9966056564944,11.314332778091863,8.596264713876053,0.8986335754883664,1.0,82649.62400000001,81906.90672872112,742.7172712788911,Satisfactory supply.,0.8121425064806971,7.768897314241571,671.2327279504718,948.8239730561288,81978.39127204954,0.8706507243000374,12.123833590691863
99,Rajajinagar,3920,115.832573,1340.6547800925923,1.3406547800925923,J99,1292.8624527573638,72.52873791013667,47.79232733522849,3.5648496574135007,1.2505747582027331,115832.573,111703.31591823624,4129.257081763742,Satisfactory supply.,3.221742448723067,43.19244414107793,3731.827173789133,1297.4623359515144,112100.74582621087,1.0888138190205539,77.71791463196628
100,Basaveshwaranagar,5763,172.070536,1991.5571296296291,1.9915571296296293,J100,1657.7934871991768,100.67711847909692,333.7636424304526,16.758928853450602,1.8135423695819388,172070.536,143233.3572940089,28837.178705991108,"Moderate shortage: partial supply, review local distribution trunk and pressures.",15.145926945336186,301.63978792833797,26061.677677008403,1689.9173417012912,146008.85832299158,1.5789619776253212,107.88021306871883
101,Kamakshipalya,3682,95.97975,1110.876736111111,1.1108767361111112,J101,1096.9546613769369,9.660558273975926,13.922074734174204,1.2532510837261517,1.0,95979.75,94776.88274296735,1202.8672570326512,Satisfactory supply.,1.1326290316204453,12.58211241871209,1087.0945129767244,1098.294623692399,94892.65548702328,0.8706507243000374,10.351737323269544
102,Vrushabhavathi Nagar,4171,99.551777,1152.2196412037038,1.1522196412037038,J102,1117.0249208927744,10.930968103632928,35.19472031092937,3.0545148730637903,1.0,99551.77700000002,96510.95316513572,3040.8238348642976,Satisfactory supply.,2.7605260172306014,31.807322971069325,2748.1527047003897,1120.4123182326343,96803.62429529963,0.8706507243000374,11.713040518855616
103,Kaveripura,5037,108.619788,1257.1734722222222,1.2571734722222223,J103,1255.5068829498475,8.664001010549683,1.6665892723744946,0.1325663728354509,1.0,108619.78800000002,108475.79468686684,143.9933131331563,Satisfactory supply.,0.11980721536153138,1.5061845293333196,130.13434333439878,1255.667287692889,108489.65365666561,0.8706507243000374,9.283879884183978
104,Govindrajnagara,2877,67.934803,786.2824421296297,0.7862824421296296,J104,750.7159514988393,94.6713595252233,35.56649063079033,4.523373373880666,1.6934271905044658,67934.803,64861.858209499725,3072.9447905002844,Satisfactory supply.,4.088010830905183,32.14331139576503,2777.182104594099,754.1391307338646,65157.620895405904,1.4743836099620906,101.44476313360995
105,Agrahara Dasarahalli,3209,93.150714,1078.133263888889,1.078133263888889,J105,1060.0919176284665,103.69433165005395,18.04134626042241,1.673387406241993,1.8738866330010795,93150.714,91591.94168309952,1558.772316900497,Satisfactory supply.,1.5123283610675622,16.304915119895043,1408.7446663589321,1061.828348768994,91741.96933364107,1.6315007542785482,111.11329725580917
106,Dr. Rajkumar Ward,2469,85.758641,992.576863425926,0.992576863425926,J106,985.9410681132692,119.23707344737674,6.63579531265691,0.6685422114064948,2.184741468947535,85758.64100000002,85185.30828498646,573.332715013557,Satisfactory supply.,0.6041968184471066,5.997117829461528,518.1509804654761,986.5797455964645,85240.49001953454,1.902146742347499,127.76806769518564
107,Shivanagar,2454,88.380684,1022.9245833333332,1.0229245833333334,J107,985.546241489039,89.3227953467698,37.37834184429437,3.654066238440781,1.586455906935396,88380.68400000001,85151.19526465297,3229.488735347033,Satisfactory supply.,3.302372173353328,33.780776794390476,2918.659115035337,989.1438065389427,85462.02488496467,1.3812489844433753,95.71352795425705
108,Srirammandira ward,4675,118.221152,1368.3003703703705,1.3683003703703702,J108,1331.83625635664,10.44022297106206,36.464114013730295,2.664920276522341,1.0,118221.152,115070.6525492137,3150.499450786297,Satisfactory supply.,2.408428854630644,32.95454093801797,2847.2723370447525,1335.3458294323525,115373.87966295525,0.8706507243000374,11.187184293886544
109,Chikpet,5597,113.139306,1309.4827083333332,1.3094827083333331,J109,1272.589592966902,84.31048531950768,36.893115366431175,2.817380873504433,1.4862097063901536,113139.306,109951.74083234037,3187.565167659653,Satisfactory supply.,2.546215528476309,33.34225206229547,2880.7705781823283,1276.1404562710377,110258.53542181767,1.2939695573303331,90.34260473082588
110,Sampangiramnagar,3008,132.975356,1539.0666203703704,1.5390666203703705,J110,1323.7585662443294,94.7755831271072,215.30805412604104,13.98952139409196,1.695511662542144,132975.356,114372.74012351008,18602.61587648995,"Moderate shortage: partial supply, review local distribution trunk and pressures.",12.64306751869218,194.58523197107974,16812.16404230129,1344.4813883992906,116163.19195769871,1.4761984570514783,101.55644356852784
111,Shanthala Nagar,3775,234.345048,2712.3269444444445,2.7123269444444444,J111,2183.728017205228,127.85650099902966,528.5989272392167,19.488761423910404,2.3571300199805933,234345.048,188674.1006865317,45670.94731346832,"Moderate shortage: partial supply, review local distribution trunk and pressures.",17.613020459888013,477.7226996640553,41275.24125097438,2234.6042447803893,193069.80674902562,2.0522369591654654,137.00418504588004
112,Dommalur,4756,198.061445,2292.377835648148,2.292377835648148,J112,1859.742729897094,10.31294087548237,432.635105751054,18.872766043331183,1.0,198061.445,160681.77186310894,37379.67313689106,"Moderate shortage: partial supply, review local distribution trunk and pressures.",17.056312980877713,390.9951383524187,33781.979953648966,1901.3826972957293,164279.46504635105,0.8706507243000374,11.050795610952388
113,Konena Agrahara,3932,131.062724,1516.9296759259262,1.516929675925926,J113,1364.3098479292466,9.548692105282386,152.61982799667953,10.061101079291705,1.0,131062.72400000005,117876.37086108692,13186.353138913111,"Moderate shortage: partial supply, review local distribution trunk and pressures.",9.09274711224875,137.93057930259897,11917.20205174455,1378.9990966233272,119145.5219482555,0.8706507243000374,10.231867522701643
114,Agaram,2928,157.703739,1825.2747569444443,1.8252747569444443,J114,1471.017392327284,10.156539742668476,354.2573646171602,19.408440470090973,1.0,157703.739,127095.90269707736,30607.83630292264,"Moderate shortage: partial supply, review local distribution trunk and pressures.",17.540430182229642,320.1610443757021,27661.91423406066,1505.1137125687424,130041.82476593934,0.8706507243000374,10.8832045258375
115,Vannarpet,5170,108.512011,1255.9260532407409,1.2559260532407406,J115,1238.914788795962,93.6197688654714,17.01126444477859,1.354479780149748,1.6723953773094284,108512.011,107042.23775197112,1469.7732480288705,Satisfactory supply.,1.224114737790009,15.373975913464301,1328.3115189233158,1240.5520773272765,107183.69948107668,1.4560722465704883,100.31793485178281
116,Neelasandra,2639,63.21267,731.628125,0.731628125,J116,715.8131980595979,125.21291952118354,15.814926940402074,2.161607297478084,2.304258390423671,63212.67,61846.26031234926,1366.4096876507392,Satisfactory supply.,1.953558398534981,14.292782681981505,1234.8964237232021,717.3353423180184,61977.7735762768,2.006204236596808,134.17146458861177
117,Shanthinagar,6210,246.346237,2851.229594907408,2.851229594907408,J117,2516.734789519097,10.415316473080264,334.49480538831085,11.731598394803186,1.0,246346.23700000005,217445.88581445,28900.35118555006,"Moderate shortage: partial supply, review local distribution trunk and pressures.",10.602463546059354,302.3005784145137,26118.769975013987,2548.9290164928943,220227.46702498605,0.8706507243000374,11.160495823361538
118,Sudamnagar,5143,102.94595,1191.504050925926,1.1915040509259258,J118,1184.0238753216531,11.203837685820858,7.480175604272745,0.6277927127868218,1.0,102945.95,102299.66282779085,646.2871722091652,Satisfactory supply.,0.5673693496661548,6.7602287849843155,584.0837670226449,1184.7438221409418,102361.86623297735,0.8706507243000374,12.005432962253945
119,Dharmarayaswamy Temple Ward,4968,99.841961,1155.5782523148148,1.1555782523148148,J119,1111.4301725697778,63.17000187496753,44.148079745036966,3.8204318622820255,1.0634000374993506,99841.961,96027.5669100288,3814.394089971194,Satisfactory supply.,3.4527255525548846,39.89894559744077,3447.2688996188826,1115.679306717374,96394.69210038111,0.9258500128694966,67.68959386971119
120,Cottonpet,3063,63.654457,736.7414004629629,0.7367414004629629,J120,705.1759262770022,10.634704921376056,31.56547418596074,4.28447134450775,1.0,63654.457,60927.20003033299,2727.256969667008,Satisfactory supply.,3.872102480460116,28.52738204190299,2464.765808420418,708.2140184210599,61189.691191579586,0.8706507243000374,11.39558074538262
121,Binnypet,4568,105.210713,1217.716585648148,1.2177165856481482,J121,1217.4586655419153,114.0659579962056,0.2579201062328593,0.0211806350732734,2.0813191599241123,105210.713,105188.42870282147,22.284297178519047,Satisfactory supply.,0.01914205581280767,0.23309598846658472,20.139493403512922,1217.4834896596815,105190.57350659648,1.8121020340874738,122.22697707695232
122,Kempapura Agrahara,3892,88.038879,1018.9685069444442,1.0189685069444443,J122,987.4905622968467,72.01169737854796,31.477944647597383,3.0891970098260955,1.2402339475709594,88038.87899999999,85319.18458244757,2719.694417552414,Satisfactory supply.,2.791870091443428,28.448276986609585,2457.9311316430685,990.5202299578347,85580.94786835692,1.0798105847541504,77.16388166444015
123,Vijaynagar,3600,93.564817,1082.9261226851852,1.0829261226851852,J123,1057.8456175478775,54.11619771850477,25.08050513730768,2.3159941026373017,1.0,93564.817,91397.86135613662,2166.955643863384,Satisfactory supply.,2.093085888192168,22.666573853470215,1958.3919809398271,1060.259548831715,91606.42501906017,0.8706507243000374,57.98802179219441
124,Hosahalli,4507,117.534827,1360.3567939814816,1.3603567939814816,J124,1359.5173371580956,11.64078798285504,0.8394568233859445,0.061708577271778,1.0,117534.82700000002,117462.29793045948,72.5290695405456,Satisfactory supply.,0.055769292383298405,0.7586613578915968,65.54834132183397,1359.59813262359,117469.27865867819,0.8706507243000374,12.473645519949212
125,Marenahalli,3389,94.15481,1089.7547453703703,1.0897547453703702,J125,1038.8771480582236,10.31482764419579,50.87759731214669,4.668719959999361,1.0,94154.81,89758.98559223053,4395.824407769474,Satisfactory supply.,4.219368198333502,45.98076516598763,3972.7381103413313,1043.7739802043827,90182.07188965866,0.8706507243000374,11.052817371347302
126,Maruthi Mandira Ward,4021,101.675819,1176.8034606481478,1.176803460648148,J126,1131.046085042125,138.63344069182668,45.75737560602283,3.888276771451798,2.572668813836533,101675.81899999996,97722.3817476396,3953.437252360373,Satisfactory supply.,3.5140405713656944,41.35335105241144,3572.9295309283484,1135.4501095957364,98102.88946907161,2.2398959661508955,148.55217696153127
127,Moodalapalya,5843,134.363714,1555.1355787037037,1.5551355787037038,J127,1331.0743319928974,60.44431781779462,224.06124671080624,14.407827187490264,1.0088863563558923,134363.714,115004.82228418636,19358.89171581366,"Moderate shortage: partial supply, review local distribution trunk and pressures.",13.021112502534754,202.49595326995413,17495.650362524037,1352.6396254337496,116868.06363747598,0.8783876368976833,64.7688966816319
128,Nagarabhavi,10830,260.820342,3018.753958333333,3.018753958333333,J128,2536.851039094489,125.24565779906732,481.9029192388439,15.9636368478637,2.304913155981346,260820.342,219183.92977776384,41636.41222223611,"Moderate shortage: partial supply, review local distribution trunk and pressures.",14.427179660103274,435.52105706522906,37629.01933043579,2583.232901268104,223191.32266956422,2.006774308703844,134.206545175412
129,Jnanabharathi ward,13787,333.93756,3865.018055555556,3.865018055555556,J129,3445.3455438261053,8.808757790208862,419.6725117294509,10.858229009466486,1.0,333937.56000000006,297677.8549865755,36259.70501342456,"Moderate shortage: partial supply, review local distribution trunk and pressures.",9.813153619257008,379.28015920368694,32769.80575519855,3485.7378963518695,301167.75424480153,0.8706507243000374,9.438993503531519
130,Ullalu,9012,193.315846,2237.4519212962964,2.237451921296296,J130,1968.018036957087,102.5055850451974,269.4338843392095,12.041996602238028,1.8501117009039485,193315.846,170036.7583930923,23279.087606907706,"Moderate shortage: partial supply, review local distribution trunk and pressures.",10.882986759379367,243.5015963421552,21038.537923962213,1993.9503249541413,172277.3080760378,1.610801092427997,109.83950000223297
131,Nayandanahalli,4349,124.739735,1443.7469328703703,1.4437469328703705,J131,1394.7706173056358,130.39154880668016,48.97631556473471,3.3923061202535645,2.407830976133603,124739.73500000002,120508.18133520694,4231.553664793079,Satisfactory supply.,3.0658057637734073,44.26247668224161,3824.277985345676,1399.4844561881287,120915.45701465434,2.0963797833627877,139.72060662965336
132,Attiguppe,5472,173.85573,2012.2190972222224,2.0122190972222223,J132,1731.317032488333,10.024740997386886,280.9020647338891,13.959815067934786,1.0,173855.73,149585.791606992,24269.938393008026,"Moderate shortage: partial supply, review local distribution trunk and pressures.",12.616220346672693,253.86599516338362,21934.02198211635,1758.3531020588389,151921.70801788365,0.8706507243000374,10.741976042762472
133,Hampinagar,3027,84.487917,977.8694097222224,0.9778694097222222,J133,956.139879621574,138.66274007330014,21.72953010064828,2.222130059965866,2.573254801466003,84487.91700000002,82610.485599304,1877.4314006960112,Satisfactory supply.,2.008256007623592,19.638121167459886,1696.7336688685339,958.2312885547625,82791.18333113148,2.2404061567049243,148.58357261094883
134,Bapujinagar,4458,132.311846,1531.3871064814816,1.5313871064814817,J134,1274.9360415955066,78.82405231826667,256.45106488597503,16.746325197630636,1.3764810463653334,132311.84600000002,110154.47399385176,22157.372006148245,"Moderate shortage: partial supply, review local distribution trunk and pressures.",15.134536357550854,231.76833840528582,20024.784438216695,1299.618768076196,112287.06156178332,1.198434220003251,84.46363669814406
135,Padarayanapura,2027,73.043915,845.4156828703703,0.8454156828703704,J135,836.5120772108894,95.78218633023953,8.903605659480945,1.0531630581125802,1.71564372660479,73043.91500000001,72274.64347102086,769.2715289791537,Satisfactory supply.,0.9517989412799319,8.046657518974692,695.2312096394135,837.3690253513956,72348.68379036059,1.4937264532092758,102.63506569905809
136,Jagareevanram Nagar,4827,131.270654,1519.3362731481484,1.5193362731481483,J136,1358.924708499526,9.294625453802034,160.41156464862252,10.558002693915872,1.0,131270.65400000004,117411.09481435904,13859.559185640986,"Moderate shortage: partial supply, review local distribution trunk and pressures.",9.541823280536656,144.97238222088802,12525.613823884725,1374.3638909272604,118745.04017611532,0.8706507243000374,9.959623293730717
137,Rayapuram,3459,81.732898,945.9826157407408,0.9459826157407408,J137,916.7517627887026,116.80760554089228,29.230852952038163,3.089998956180529,2.1361521108178456,81732.89800000002,79207.35230494391,2525.545695056097,Satisfactory supply.,2.7925948526142963,26.41746183380201,2282.4687024404934,919.5651539069388,79450.42929755952,1.859842382498611,125.16477988406722
138,Chalavadipalya,2391,55.790851,645.7274421296296,0.6457274421296296,J138,618.63324275177,135.75009894660522,27.09419937785958,4.195918836669238,2.5150019789321045,55790.851,53449.912173752935,2340.938826247068,Satisfactory supply.,3.7920729137570945,24.486455429694203,2115.629749125579,621.2409866999354,53675.22125087443,2.1896882945732643,145.46254223098418
139,K.R. Market,2928,54.062027,625.7179050925926,0.6257179050925925,J139,611.7476397349737,81.75003990142203,13.970265357618814,2.2326778958884868,1.4350007980284405,54062.027,52854.996073101735,1207.0309268982655,Satisfactory supply.,2.017788642657275,12.62566482403136,1090.8574407963094,613.0922402685612,52971.16955920369,1.2493844841745934,87.59896842670128
140,Chamrajpet,4785,165.876273,1919.8642708333327,1.919864270833333,J140,1620.179260978619,48.03640624614689,299.6850098547145,15.609697748301432,1.0,165876.273,139983.48814855266,25892.784851447333,"Moderate shortage: partial supply, review local distribution trunk and pressures.",14.107306248625402,270.84113224439733,23400.67382591593,1649.0231385889354,142475.59917408405,0.8706507243000374,51.47324257165556
141,Azadnagar,4026,109.803729,1270.8764930555556,1.2708764930555556,J141,1244.6735244949657,119.05645006733138,26.20296856058985,2.0618029134829867,2.181129001346628,109803.729,107539.79251636504,2263.936483634963,Satisfactory supply.,1.8633599185466383,23.68100318582837,2046.0386752555714,1247.1954898697272,107757.69032474444,1.899001544814259,127.57452134603648
142,Sunkenahalli,2893,66.158773,765.7265393518519,0.7657265393518519,J142,748.534771876377,10.306587785579229,17.191767475474876,2.24515758458977,1.0,66158.773,64673.40429011898,1485.3687098810294,Satisfactory supply.,2.0290671948262733,15.537106012066923,1342.4059594425823,750.189433339785,64816.367040557416,0.8706507243000374,11.043987979757242
143,Vishweshrapuram,4732,122.120172,1413.4279166666668,1.4134279166666668,J143,1367.3664992392175,131.002864036613,46.061417427449214,3.258844464886286,2.4200572807322605,122120.17200000002,118140.4655342684,3979.706465731612,Satisfactory supply.,2.9451894344201004,41.62812966481081,3596.6704030396536,1371.799787001856,118523.50159696037,2.1070246243171216,140.37565931941623
144,Siddapura,4483,127.001971,1469.9302199074075,1.4699302199074076,J144,1422.100660131229,75.88923798294145,47.829559776178485,3.2538660086321185,1.317784759658829,127001.97100000002,122869.4970353382,4132.473964661821,Satisfactory supply.,2.940690141214339,43.22609305954738,3734.7344403448938,1426.7041268478602,123267.23655965512,1.1473302554685103,81.31884669426896
145,Hombegowdanagar,6521,199.944646,2314.1741435185186,2.3141741435185184,J145,1924.8125986296247,10.963452136298166,389.3615448888934,16.825075415322893,1.0,199944.646,166303.80852159965,33640.83747840039,"Moderate shortage: partial supply, review local distribution trunk and pressures.",15.205707078217207,351.8865415432678,30402.99718933834,1962.2876019752507,169541.64881066166,0.8706507243000374,11.747848670083988
146,Lakkasandra,2834,95.688479,1107.5055439814814,1.1075055439814814,J146,1079.4017124888544,10.941096281388194,28.103831492627023,2.537579305616275,1.0,95688.479,93260.30795903705,2428.171040962975,Satisfactory supply.,2.2933441102918466,25.398913164054978,2194.4660973743503,1082.1066308174265,93494.01290262566,0.8706507243000374,11.723893332193365
147,Adugodi,3410,108.204782,1252.370162037037,1.252370162037037,J147,1234.1770069025742,11.377062270748896,18.193155134462813,1.452697907212259,1.0,108204.782,106632.89339638242,1571.8886036175873,Satisfactory supply.,1.3128796338167767,16.442112797382425,1420.5985456938415,1235.9280492396547,106784.18345430617,0.8706507243000374,12.191051158454673
148,Ejipura,4786,138.668628,1604.9609722222222,1.6049609722222222,J148,1299.6524684417068,123.2317510925798,305.30850378051537,19.0227992496158,2.2646350218515963,138668.628,112289.97327336347,26378.65472663653,"Moderate shortage: partial supply, review local distribution trunk and pressures.",17.191905893863527,275.9233799776816,23839.78003007169,1329.0375922445405,114828.8479699283,1.9717061220503234,132.04855051010477
149,Varthur,3304,167.414887,1937.6723032407408,1.9376723032407408,J149,1612.5073001129049,8.687037586149923,325.16500312783614,16.7812174733571,1.0,167414.88700000002,139320.63072975498,28094.256270245045,"Moderate shortage: partial supply, review local distribution trunk and pressures.",15.166070345416713,293.868744573147,25390.259531119904,1643.8035586675937,142024.62746888012,0.8706507243000374,9.308564645941871
150,Bellandur,4766,334.916877,3876.352743055556,3.876352743055556,J150,3461.1234800128386,8.859549956996183,415.2292630427173,10.711854430342957,1.0,334916.87700000004,299041.0686731093,35875.80832689078,"Moderate shortage: partial supply, review local distribution trunk and pressures.",9.680867200390637,375.26456127390804,32422.858094065657,3501.088181781648,302494.01890593435,0.8706507243000374,9.493419671642158
151,Koramangala,7146,290.214217,3358.960844907408,3.358960844907408,J151,2931.1982190164954,130.42457941179302,427.7626258909127,12.734969106277395,2.4084915882358606,290214.21700000006,253255.5261230252,36958.690876974855,"Moderate shortage: partial supply, review local distribution trunk and pressures.",11.509262520383382,386.59162159728146,33401.51610600511,2972.3692233101265,256812.70089399494,2.0969549457680996,139.75600045867026
152,Sudduguntepalya,4073,144.292601,1670.053252314815,1.6700532523148148,J152,1367.8545439770924,10.493420215001832,302.19870833772256,18.095154026906226,1.0,144292.60100000002,118182.6325996208,26109.96840037923,"Moderate shortage: partial supply, review local distribution trunk and pressures.",16.353544033316783,273.11289399714224,23596.954041353092,1396.9403583176727,120695.64695864693,0.8706507243000374,11.244187613981394
153,Jayanagar,3983,178.41642499999998,2065.0049189814813,2.065004918981481,J153,1699.48932125951,11.13616025419678,365.5155977219713,17.70047104305465,1.0,178416.425,146835.87735682167,31580.54764317832,"Moderate shortage: partial supply, review local distribution trunk and pressures.",15.996848227024103,330.33570277004964,28541.00471933229,1734.6692162114316,149875.4202806677,0.8706507243000374,11.932913447851423
154,Basavanagudi,5792,137.534205,1591.831076388889,1.591831076388889,J154,1280.01971514507,11.228206912347751,311.81136124381896,19.588219244417022,1.0,137534.20500000002,110593.70338853404,26940.50161146596,"Moderate shortage: partial supply, review local distribution trunk and pressures.",17.702905732193194,281.80035486888124,24347.55066067134,1310.0307215200078,113186.65433932867,0.8706507243000374,12.031545721436528
155,Hanumanthanagar,4137,88.739762,1027.0805787037036,1.0270805787037036,J155,1003.4777133016532,11.37566579611421,23.602865402050384,2.2980539104185937,1.0,88739.762,86700.47442926285,2039.2875707371531,Satisfactory supply.,2.0768723913090485,21.331152975594428,1843.0116170913584,1005.7494257281091,86896.75038290865,0.8706507243000374,12.189554770959573
156,Srinagar,5672,143.67676,1662.925462962963,1.6629254629629628,J156,1436.1059074934751,87.39586709233264,226.8195554694878,13.639790869841264,1.5479173418466528,143676.76,124079.55040743624,19597.209592563748,"Moderate shortage: partial supply, review local distribution trunk and pressures.",12.326997618451236,204.98878221606364,17711.0307834679,1457.9366807468994,125965.72921653211,1.347695354835377,93.64873474407021
157,Gali Anjaneya swamy Temple Ward,5382,138.8667,1607.2534722222224,1.6072534722222225,J157,1341.5129384023608,10.306769545384194,265.74053381986164,16.533828572318665,1.0,138866.7,115906.71787796398,22959.982122036046,"Moderate shortage: partial supply, review local distribution trunk and pressures.",14.942491961918556,240.16372089446247,20750.14548528156,1367.08975132776,118116.55451471845,0.8706507243000374,11.044182743838528
158,Deepanjali Nagar,2933,77.106885,892.4407986111111,0.892440798611111,J158,876.0841401260253,131.89363591459318,16.356658485085745,1.8328003953361731,2.437872718291864,77106.885,75693.6697068886,1413.2152931114083,Satisfactory supply.,1.6563982779501678,14.78237401991917,1277.197115321016,877.6584245911919,75829.68788467898,2.1225356479321125,141.33016279988757
159,Kengeri,14453,290.123297,3357.9085300925926,3.3579085300925926,J159,2805.6364834360293,88.63610607586934,552.2720466565634,16.44690561720973,1.5727221215173868,290123.297,242406.9921688729,47716.30483112708,"Moderate shortage: partial supply, review local distribution trunk and pressures.",14.86393510786988,499.11734489459036,43123.73859889262,2858.7911851980025,246999.5584011074,1.3692916542218043,94.97770847535405
160,Rajarajeshwarinagar,16297,454.761435,5263.442534722223,5.263442534722223,J160,4686.869172865891,10.065147300440794,576.5733618563318,10.954301449151478,1.0,454761.4350000001,404945.496535613,49815.938464387065,"Moderate shortage: partial supply, review local distribution trunk and pressures.",9.899979344555646,521.0797237500562,45021.288132004855,4742.362810972167,409740.14686799527,0.8706507243000374,10.785273275029603
161,Hosakerehalli,7363,168.984706,1955.8415046296293,1.9558415046296296,J161,1689.451062327365,9.114519262369466,266.39044230226455,13.620246920402169,1.0,168984.706,145968.57178508435,23016.13421491566,"Moderate shortage: partial supply, review local distribution trunk and pressures.",12.309334721674457,240.7510774302951,20800.8930899775,1715.0904271993343,148183.8129100225,0.8706507243000374,9.766631136224987
162,Girinagar,7733,192.095687,2223.329710648148,2.223329710648148,J162,1892.5695155635303,8.22870757142356,330.76019508461786,14.876794633765506,1.0,192095.687,163518.00614468902,28577.680855310984,"Moderate shortage: partial supply, review local distribution trunk and pressures.",13.444943091180233,298.92541432594567,25827.15579776171,1924.4042963222025,166268.5312022383,0.8706507243000374,8.817442726766808
163,Katriguppe,6518,146.495708,1695.552175925926,1.695552175925926,J163,1521.3483917901835,131.4637379468608,174.20378413574235,10.274162400258266,2.429274758937216,146495.708,131444.50105067185,15051.20694932814,"Moderate shortage: partial supply, review local distribution trunk and pressures.",9.285301853094966,157.437137611442,13602.56868962859,1538.1150383144839,132893.13931037142,2.115049828392486,140.8695071409117
164,Vidyapeetha Ward,4754,108.01665,1250.1927083333333,1.2501927083333333,J164,1207.925761729988,8.65447235463936,42.26694660334533,3.3808345162797,1.0,108016.65,104364.78581347095,3651.864186529037,Satisfactory supply.,3.055438270883299,38.19886647020908,3300.382063026065,1211.993841863124,104716.26793697393,0.8706507243000374,9.273669486375686
165,Ganeshmandira Ward,4494,111.421596,1289.6018055555555,1.2896018055555556,J165,1260.0830480857558,11.197507315706511,29.51875746979977,2.2889823310291657,1.0,111421.596,108871.17535460932,2550.4206453907,Satisfactory supply.,2.068673927080662,26.677656314689237,2304.9495055891502,1262.9241492408662,109116.64649441086,0.8706507243000374,11.998649676368768
166,Karisandra,4636,121.137637,1402.0559837962965,1.4020559837962965,J166,1367.670093996501,8.712877946600084,34.38588979979545,2.4525332937626367,1.0,121137.63700000002,118166.69612129767,2970.940878702327,Satisfactory supply.,2.2164835487493235,31.076340225100395,2684.9957954486745,1370.979643571196,118452.64120455134,0.8706507243000374,9.336253793518285
167,Yadiyuru,4395,108.17055,1251.9739583333333,1.2519739583333334,J167,1250.4054074468834,9.333384675796273,1.5685508864498845,0.1252862230886965,1.0,108170.55,108035.02720341072,135.52279658927,Satisfactory supply.,0.11322776048230462,1.4175820748424952,122.47909126639158,1250.5563762584907,108048.07090873361,0.8706507243000374,10.001155602067337
168,Pattabhiramnagar,4302,151.57331,1754.3207175925927,1.7543207175925928,J168,1513.284805142671,127.24843218764256,241.03591244992165,13.739557997165347,2.3449686437528507,151573.31000000003,130747.8071643268,20825.50283567323,"Moderate shortage: partial supply, review local distribution trunk and pressures.",12.417162427623124,217.83685300491587,18821.10409962473,1536.4838645876769,132752.2059003753,2.041648648144296,136.3526110445194
169,Byrasandra,3839,117.212586,1356.6271527777778,1.3566271527777778,J169,1353.6775890999866,9.932444859460327,2.949563677791275,0.2174188885834889,1.0,117212.586,116957.74369823885,254.84230176116617,Satisfactory supply.,0.19649290427912353,2.6656760927322383,230.3144144120654,1353.9614766850457,116982.27158558794,0.8706507243000374,10.643076439999167
170,Jayanagar East,3888,104.894709,1214.0591319444443,1.2140591319444445,J170,1185.7309667496106,84.32416487070753,28.3281651948339,2.333343117271672,1.4864832974141506,104894.70900000002,102447.15552716635,2447.5534728336493,Satisfactory supply.,2.1087651067462607,25.601655349710988,2211.98302221503,1188.4574765947334,102682.72597778498,1.2942077595535382,90.35726300591777
171,Gurappanapalya,4061,185.442721,2146.327789351852,2.146327789351852,J171,1814.5513133615957,9.905840711133258,331.7764759902566,15.457866111422172,1.0,185442.721,156777.23347444186,28665.48752555817,"Moderate shortage: partial supply, review local distribution trunk and pressures.",13.970087999161292,299.8438809229069,25906.511311739156,1846.4839084289451,159536.20968826083,0.8706507243000374,10.614568858203091
172,Madiwala,5570,173.184595,2004.4513310185184,2.0044513310185184,J172,1629.0981392134138,10.840673993233183,375.35319180510464,18.725981818395017,1.0,173184.595,140754.07922803896,32430.515771961043,"Moderate shortage: partial supply, review local distribution trunk and pressures.",16.92365634350836,339.22645483445325,29309.16569769676,1665.2248761840651,143875.42930230324,0.8706507243000374,11.616286181664318
173,Jakkasandra,2855,126.029759,1458.6777662037036,1.4586777662037036,J173,1402.2334603524357,9.60333046968128,56.44430585126793,3.869552766144343,1.0,126029.759,121152.97097445044,4876.788025549549,Satisfactory supply.,3.4971187012992546,51.01169295360394,4407.41027119138,1407.6660732500998,121622.34872880863,0.8706507243000374,10.290415070368125
174,HSR Layout,14105,572.166949,6622.302650462963,6.622302650462963,J174,5534.662792934006,8.919505698199316,1087.6398575289577,16.423892336798005,1.0,572166.949,478194.8653094981,93972.08369050195,"Moderate shortage: partial supply, review local distribution trunk and pressures.",14.843136793912198,982.9574413150907,84927.52292962384,5639.345209147873,487239.4260703762,0.8706507243000374,9.557665035766579
175,Bommanahalli,6504,297.594763,3444.3838310185183,3.444383831018518,J175,2892.6271443231744,106.68186286502328,551.7566866953439,16.01902441088243,1.9336372573004652,297594.763,249922.9852695223,47671.77773047771,"Moderate shortage: partial supply, review local distribution trunk and pressures.",14.47723631888485,498.65158694601035,43083.497112135294,2945.732244072508,254511.2658878647,1.683522678602188,114.31457584710354
176,BTM Layout,7549,258.409435,2990.849942129629,2.9908499421296293,J176,2526.5855823079573,9.37623643516337,464.2643598216719,15.522823572054346,1.0,258409.435,218296.99431140756,40112.440688592455,"Moderate shortage: partial supply, review local distribution trunk and pressures.",14.028793478604083,419.5801616363155,36251.72596537766,2571.2697804933136,222157.70903462236,0.8706507243000374,10.047073254466692
177,J.P.Nagar,5613,176.659589,2044.6711689814813,2.0446711689814814,J177,1704.514017699291,8.553278391087153,340.1571512821904,16.636276602444294,1.0,176659.589,147270.01112921874,29389.577870781253,"Moderate shortage: partial supply, review local distribution trunk and pressures.",15.035079644194974,307.4179387182581,26560.909905257504,1737.2532302632233,150098.67909474252,0.8706507243000374,9.165235449782289
178,Sarakki,5619,177.153531,2050.388090277778,2.0503880902777776,J178,1652.082569786122,146.21042767559302,398.3055204916559,19.42586003012216,2.7242085535118603,177153.53100000002,142739.93402952095,34413.59697047907,"Moderate shortage: partial supply, review local distribution trunk and pressures.",17.556173156375507,359.9696835068676,31101.38065499336,1690.4184067709102,146052.15034500667,2.3718341502594584,156.67127077923263
179,Shakambarinagar,3774,113.19858,1310.16875,1.31016875,J179,1260.3080538367635,89.11764632093983,49.860696163236526,3.8056697782813496,1.5823529264187963,113198.58000000002,108890.61585149638,4307.964148503636,Satisfactory supply.,3.439384279506332,45.06173802250461,3893.334165144399,1265.1070119774954,109305.24583485562,1.377676721484809,95.49370123541853
180,Banashankari Temple Ward,5171,120.24768,1391.7555555555557,1.3917555555555554,J180,1353.4652869777512,9.384164677448291,38.29026857780423,2.7512208178338957,1.0,120247.68,116939.40079487771,3308.279205122285,Satisfactory supply.,2.4864232005388938,34.604933028122296,2989.866213629766,1357.1506225274334,117257.81378637023,0.8706507243000374,10.055568734669926
181,Kumaraswamy Layout,8364,269.272627,3116.5813310185185,3.1165813310185184,J181,2667.821903332939,118.6047215741222,448.75942768557934,14.399092467736818,2.172094431482444,269272.62700000004,230499.812447966,38772.814552034055,"Moderate shortage: partial supply, review local distribution trunk and pressures.",13.013218476106779,405.5675375909964,35041.03524786209,2711.013793427522,234231.59175213793,1.8911355900182678,127.09047326408093
182,Padmanabhanagar,6036,184.283748,2132.91375,2.13291375,J182,1891.7320251150968,8.767597200359024,241.1817248849036,11.307617332623204,1.0,184283.748,163445.64696994436,20838.10103005567,"Moderate shortage: partial supply, review local distribution trunk and pressures.",10.219289522818492,217.96863138450504,18832.489751621237,1914.9451186154952,165451.25824837876,0.8706507243000374,9.394888017894715
183,Chikkallasandra,5170,132.392797,1532.3240393518518,1.5323240393518518,J183,1322.317304727837,8.653020435156405,210.00673462401485,13.705112576113097,1.0,132392.797,114248.21512848511,18144.58187151488,"Moderate shortage: partial supply, review local distribution trunk and pressures.",12.386032285868788,189.79415023824916,16398.214580584725,1342.5298891136026,115994.58241941527,0.8706507243000374,9.272113687147957
184,Uttarahalli,9119,327.472837,3790.194872685185,3.790194872685185,J184,3131.7972081436324,8.773574605451405,658.3976645415528,17.37107686167881,1.0,327472.837,270587.27878360986,56885.55821639016,"Moderate shortage: partial supply, review local distribution trunk and pressures.",15.699157351254907,595.0286569820429,51410.47596324851,3195.1662157031424,276062.3610367515,0.8706507243000374,9.401293085349023
185,Yelachenahalli,6523,198.628751,2298.943877314815,2.298943877314815,J185,2065.828393361731,11.491760104407536,233.1154839530841,10.14011199896558,1.0,198628.751,178487.57318645355,20141.177813546463,"Moderate shortage: partial supply, review local distribution trunk and pressures.",9.16415344303092,210.6787444862941,18202.64352361581,2088.265132828521,180426.10747638418,0.8706507243000374,12.313955219680699
186,Jaraganahalli,3043,83.844829,970.426261574074,0.970426261574074,J186,954.6372312921494,127.70365383205704,15.78903028192451,1.627020094892528,2.354073076641141,83844.829,82480.65678364171,1364.172216358278,Satisfactory supply.,1.470423778949472,14.269378507355587,1232.874303035523,956.1568830667185,82611.95469696447,2.049575429232827,136.84040220039284
187,Puttenahalli,4605,155.1418,1795.6226851851852,1.7956226851851853,J187,1583.2598559291266,41.77890211717524,212.3628292560586,11.826695608613193,1.0,155141.80000000002,136793.65155227654,18348.148447723463,"Moderate shortage: partial supply, review local distribution trunk and pressures.",10.688407908355208,191.9234770875535,16582.18842036462,1603.6992080976318,138559.6115796354,0.8706507243000374,44.76803597744807
188,Bilekahalli,4393,254.096835,2940.935590277778,2.940935590277778,J188,2388.829266470805,11.46086764403777,552.1063238069728,18.77315251759136,1.0,254096.835,206394.8486230776,47701.98637692245,"Moderate shortage: partial supply, review local distribution trunk and pressures.",16.966286989549985,498.96757242434353,43110.79825746328,2441.9680178534345,210986.0367425367,0.8706507243000374,12.280852512161319
189,Hongasandra,8314,352.880862,4084.2692361111112,4.084269236111111,J189,3417.162223324071,53.900570328931735,667.1070127870403,16.333570933297107,1.0,352880.862,295242.8160951997,57638.04590480028,"Moderate shortage: partial supply, review local distribution trunk and pressures.",14.7615085830052,602.8997538415827,52090.53873191274,3481.369482269529,300790.3232680873,0.8706507243000374,57.75696701945158
190,Mangammanapalya,3214,91.500888,1059.0380555555555,1.0590380555555554,J190,1057.2345859448826,10.496575846980315,1.803469610672892,0.1702931826870771,1.0,91500.888,91345.06822563786,155.81977436213785,Satisfactory supply.,0.15390292105310782,1.6298905025640353,140.82253942153264,1057.4081650529915,91360.06546057848,0.8706507243000374,11.247569020356032
191,Singasandra,4572,173.776931,2011.3070717592595,2.0113070717592594,J191,1774.1474350517003,115.59330882365111,237.1596367075588,11.791319189273215,2.111866176473023,173776.931,153286.33838846695,20490.59261153308,"Moderate shortage: partial supply, review local distribution trunk and pressures.",10.656436374398815,214.33365839580944,18518.428085397933,1796.9734133634502,155258.50291460208,1.838697816170988,123.86360449721084
192,Begur,6490,316.796943,3666.631284722222,3.666631284722222,J192,3105.1443962409094,36.92657729446395,561.4868884813127,15.313426545528696,1.0,316796.943,268284.4758352146,48512.46716478542,"Moderate shortage: partial supply, review local distribution trunk and pressures.",13.839550353696662,507.44528293352687,43843.27244545672,3159.186001788695,272953.6705545433,0.8706507243000374,39.56854433862636
193,Arakere,9995,362.9845,4201.209490740741,4.201209490740741,J193,3506.66876005072,122.85672858105696,694.5407306900211,16.531923300200923,2.257134571621139,362984.50000000006,302976.1808683822,60008.31913161783,"Moderate shortage: partial supply, review local distribution trunk and pressures.",14.94077006712691,627.6930500498875,54232.67952431029,3573.5164406908534,308751.8204756898,1.9651758496245995,131.64669645369324
194,Gottigere,3671,99.342945,1149.802604166667,1.149802604166667,J194,1101.8424198901291,10.758509889905056,47.960184276537575,4.171166781388296,1.0,99342.94500000002,95199.1850785072,4143.759921492847,Satisfactory supply.,3.76970317734313,43.34414530244491,3744.93415413124,1106.458458864222,95598.01084586878,0.8706507243000374,11.52824352502552
195,Konanakunte,10054,298.778588,3458.08550925926,3.45808550925926,J195,3076.486571764009,9.61704352787124,381.59893749525054,11.034976910590943,1.0,298778.58800000005,265808.4398004104,32970.14819958965,"Moderate shortage: partial supply, review local distribution trunk and pressures.",9.972890009427395,344.87106427037315,29796.85995296024,3113.214444988887,268981.7280470398,0.8706507243000374,10.305109249757693
196,Anjanapura,7857,285.093835,3299.697164351852,3.299697164351852,J196,2729.04626329681,8.683392059157303,570.6509010550417,17.294038592997147,1.0,285093.835,235789.5971488444,49304.2378511556,"Moderate shortage: partial supply, review local distribution trunk and pressures.",15.629533809103084,515.7272839003884,44558.837328993555,2783.9698804514633,240534.99767100648,0.8706507243000374,9.30465829428369
197,Vasanthapura,4315,153.019933,1771.0640393518515,1.7710640393518515,J197,1428.8060931740715,9.158901954832665,342.25794617778,19.324989868973606,1.0,153019.933,123448.84645023978,29571.086549760195,"Moderate shortage: partial supply, review local distribution trunk and pressures.",17.465011477423353,309.3165377453185,26724.94886119552,1461.747501606533,126294.98413880447,0.8706507243000374,9.81418925461201
198,Hemmigepura,4120,95.993893,1111.040428240741,1.111040428240741,J198,1083.9390492933924,107.55490365991189,27.10137894734862,2.4392792789963424,1.9510980731982372,95993.89300000004,93652.3338589491,2341.559141050921,Satisfactory supply.,2.204505197320177,24.492943984895483,2116.19036029497,1086.5474842558456,93877.70263970506,1.6987249506104527,115.25007964769972
