Ward number,Ward Name,connections,consumption_ML,demand_LPS,demand_m3_s,Node,Supplied_LPS,Pressure(m),Shortage_LPS,Shortage_pct,Leakage_pct,Demand_m3_day,Supplied_m3_day,Shortage_m3_day,Explanation
1,Kempegowda Ward,4218,112.883906,1306.526689814815,1.306526689814815,J1,1293.273681576942,8.912434099975588,13.253008237873019,1.0143694990074392,1.0,112883.90600000002,111738.8460882478,1145.0599117522288,Satisfactory supply.
2,Chowdeshwari Ward,460,9.808984,113.52990740740739,0.1135299074074074,J2,108.24644719253718,129.1114675104137,5.283460214870217,4.653804742313647,2.3822293502082736,9808.983999999999,9352.493037435213,456.4909625647868,Satisfactory supply.
3,Attur,6109,170.257709,1970.575335648148,1.970575335648148,J3,1673.3437040084807,137.9715671990359,297.2316316396673,15.083494970361228,2.5594313439807177,170257.709,144576.89602633275,25680.812973667256,"Moderate shortage: partial supply, review local distribution trunk and pressures."
4,Yelahanka Satellite town,7741,405.676363,4695.328275462963,4.695328275462963,J4,4148.063161475174,10.535491406430697,547.2651139877889,11.655523999199572,1.0,405676.363,358392.65715145506,47283.70584854497,"Moderate shortage: partial supply, review local distribution trunk and pressures."
5,Jakkur,3752,108.076916,1250.8902314814816,1.2508902314814816,J5,1197.8878827931246,98.91657627126276,53.00234868835696,4.237170245192823,1.778331525425255,108076.91600000001,103497.51307332597,4579.402926674042,Satisfactory supply.
6,Thanisandra,3568,53.430968,618.4139814814815,0.6184139814814815,J6,617.2597273068488,129.63807793871604,1.1542541746326833,0.1866474900628112,2.3927615587743207,53430.96800000001,53331.24043931175,99.72756068826385,Satisfactory supply.
7,Byatarayanapura,9681,300.193673,3474.46380787037,3.4744638078703702,J7,2896.2989708337673,9.732971459658632,578.1648370366029,16.640404649688435,1.0,300193.673,250240.2310800375,49953.44191996249,"Moderate shortage: partial supply, review local distribution trunk and pressures."
8,Kodigehalli,5334,134.167843,1552.8685532407408,1.5528685532407407,J8,1299.9713826319414,9.063027133747989,252.89717060879934,16.28580668215726,1.0,134167.84300000002,112317.52745939975,21850.315540600266,"Moderate shortage: partial supply, review local distribution trunk and pressures."
9,Vidyaranyapura,12942,413.181715,4782.195775462963,4.782195775462963,J9,4180.394055278944,7.892750343902815,601.8017201840194,12.584213370598762,1.0,413181.715,361186.04637610074,51995.66862389928,"Moderate shortage: partial supply, review local distribution trunk and pressures."
10,Doddabommasandra,1821,28.410926,328.83016203703704,0.328830162037037,J10,328.2935622180938,98.30027202774671,0.5365998189432162,0.16318448880087147,1.7660054405549344,28410.926000000003,28364.56377564331,46.36222435669388,Satisfactory supply.
11,Kuvempunagar,4395,65.055924,752.9620833333335,0.7529620833333335,J11,750.3051759474129,129.45467780158836,2.65690738592059,0.3528607143348528,2.389093556031767,65055.92400000001,64826.367201856476,229.556798143539,Satisfactory supply.
12,Shettyhalli,7363,140.510895,1626.2835069444445,1.6262835069444446,J12,1370.0637140703636,9.457030927635966,256.2197928740809,15.754927832692681,1.0,140510.89500000002,118373.50489567942,22137.39010432059,"Moderate shortage: partial supply, review local distribution trunk and pressures."
13,Mallasandra,4505,74.839848,866.2019444444444,0.8662019444444444,J13,840.2054894135075,8.935185139087562,25.996455030936886,3.0012002625565826,1.0,74839.848,72593.75428532706,2246.093714672947,Satisfactory supply.
14,Bagalagunte,10291,273.211694,3162.1723842592587,3.1621723842592586,J14,2805.294756073324,85.79715681821686,356.87762818593455,11.285837228938213,1.5159431363643372,273211.69399999996,242377.46692473523,30834.22707526475,"Moderate shortage: partial supply, review local distribution trunk and pressures."
15,T. Dasarahalli,4567,145.757728,1687.0107407407406,1.6870107407407406,J15,1374.1863914936014,75.74334864201737,312.82434924713925,18.543115446306103,1.3148669728403473,145757.728,118729.70422504717,27028.02377495283,"Moderate shortage: partial supply, review local distribution trunk and pressures."
16,Jalahalli,3105,94.738711,1096.5128587962963,1.0965128587962962,J16,1056.1039580391969,10.532025130465923,40.408900757099445,3.685219049912334,1.0,94738.71100000001,91247.38197458662,3491.329025413392,Satisfactory supply.
17,J.P.Park,5734,130.249564,1507.5181018518517,1.5075181018518518,J17,1235.0295131869927,10.065195461609328,272.488588664859,18.075311223800963,1.0,130249.564,106706.54993935618,23543.014060643818,"Moderate shortage: partial supply, review local distribution trunk and pressures."
18,Radhakrishna Temple Ward,5520,100.244418,1160.2363194444445,1.1602363194444445,J18,1106.8725408242935,22.81100441119908,53.363778620150924,4.599388738813407,1.0,100244.418,95633.78752721897,4610.63047278104,Satisfactory supply.
19,Sanjaynagar,5805,85.176647,985.8408217592593,0.9858408217592592,J19,937.4428302728907,10.501136044588259,48.397991486368596,4.909310957523659,1.0,85176.64700000001,80995.06053557775,4181.586464422247,Satisfactory supply.
20,Ganganagar,3328,72.917677,843.9545949074075,0.8439545949074074,J20,827.6113125893595,11.395219252936375,16.343282318047955,1.9365120371008844,1.0,72917.67700000001,71505.61740772067,1412.0595922793434,Satisfactory supply.
21,Hebbal,7455,168.077498,1945.3414120370367,1.9453414120370367,J21,1662.696855623307,111.70485643930077,282.64455641372956,14.529303425343848,2.0340971287860157,168077.498,143657.00832585373,24420.489674146236,"Moderate shortage: partial supply, review local distribution trunk and pressures."
22,VishwanathNagenahalli,3277,79.76684,923.2273148148148,0.9232273148148148,J22,891.193632822606,8.886965576997023,32.03368199220881,3.469750242239559,1.0,79766.84000000001,76999.12987587316,2767.7101241268415,Satisfactory supply.
23,Nagavara,9052,198.719715,2299.996701388889,2.299996701388889,J23,2003.7601945217912,11.181257328075201,296.2365068670979,12.879866596687329,1.0,198719.71500000003,173124.88080668278,25594.83419331726,"Moderate shortage: partial supply, review local distribution trunk and pressures."
24,HBR Layout,8075,240.231719,2780.4597106481483,2.7804597106481483,J24,2454.552666251425,10.14249587736554,325.90704439672345,11.721336696540437,1.0,240231.71900000004,212073.35036412312,28158.36863587691,"Moderate shortage: partial supply, review local distribution trunk and pressures."
25,Horamavu,6532,122.770924,1420.9597685185186,1.4209597685185185,J25,1360.8210245113842,9.3550100457848,60.13874400713439,4.232262259601803,1.0,122770.92400000001,117574.9365177836,5195.987482216412,Satisfactory supply.
26,Ramamurthynagar,9330,263.872784,3054.0831481481487,3.0540831481481487,J26,2601.892566167059,10.867541535798882,452.1905819810895,14.806099246357338,1.0,263872.78400000004,224803.5177168339,39069.26628316614,"Moderate shortage: partial supply, review local distribution trunk and pressures."
27,Banasawadi,9609,288.539625,3339.5789930555557,3.3395789930555555,J27,2999.4391616974117,10.240799877311678,340.13983135814397,10.185111119259144,1.0,288539.625,259151.5435706564,29388.08142934364,"Moderate shortage: partial supply, review local distribution trunk and pressures."
28,Kammanahalli,6628,183.093704,2119.1400925925927,2.119140092592593,J28,1803.3239343186688,146.86736002153262,315.816158273924,14.90303351712576,2.7373472004306523,183093.70400000003,155807.18792513298,27286.51607486703,"Moderate shortage: partial supply, review local distribution trunk and pressures."
29,Kacharakanahalli,4861,134.685729,1558.8626041666669,1.5588626041666669,J29,1352.0685522184906,8.910809453480557,206.79405194817627,13.265700992213086,1.0,134685.72900000002,116818.7229116776,17867.006088322432,"Moderate shortage: partial supply, review local distribution trunk and pressures."
30,Kadugondanahalli,5210,138.964754,1608.3883564814814,1.6083883564814814,J30,1402.2251008971607,9.749548479002485,206.16325558432072,12.818002241406704,1.0,138964.75400000002,121152.2487175147,17812.505282485312,"Moderate shortage: partial supply, review local distribution trunk and pressures."
31,Kushalnagar,3137,58.157739,673.1219791666666,0.6731219791666666,J31,657.2299640257185,9.101064561883437,15.89201514094816,2.3609413498312257,1.0,58157.739,56784.668891822075,1373.0701081779212,Satisfactory supply.
32,Kavalbyrasandra,5576,112.744608,1304.9144444444446,1.3049144444444445,J32,1252.0391373380312,101.50323902385215,52.8753071064134,4.052013320223808,1.830064780477043,112744.60800000002,108176.1814660059,4568.4265339941185,Satisfactory supply.
33,Manorayanapalya,2664,59.735868,691.3873611111111,0.6913873611111111,J33,685.8939767601582,117.81606964374353,5.4933843509528515,0.7945450929453748,2.1563213928748706,59735.868,59261.239592077676,474.6284079223264,Satisfactory supply.
34,Gangenahalli,2322,48.011764,555.6917129629629,0.5556917129629629,J34,553.769176124371,9.691813297946993,1.9225368385918955,0.34597183901499595,1.0,48011.764,47845.65681714566,166.10718285433978,Satisfactory supply.
35,Aramane Nagar,2953,79.791557,923.5133912037036,0.9235133912037036,J35,915.0228949386277,92.97610259955331,8.490496265075876,0.9193690471569014,1.6595220519910663,79791.557,79057.97812269744,733.5788773025557,Satisfactory supply.
36,Mathikere,4135,90.985492,1053.072824074074,1.053072824074074,J36,1035.2430776046804,9.807340398363442,17.82974646939374,1.6931161892883086,1.0,90985.49200000001,89445.0019050444,1540.4900949556193,Satisfactory supply.
37,Yeshwanthpur,3208,61.783584,715.0877777777778,0.7150877777777778,J37,711.401338938347,9.326677731794057,3.6864388394308207,0.5155225629623928,1.0,61783.584,61465.07568427318,318.50831572682296,Satisfactory supply.
38,H.M.T,3654,137.555591,1592.078599537037,1.592078599537037,J38,1377.1877120337797,131.1158445582046,214.89088750325732,13.497504932592259,2.422316891164092,137555.59100000001,118989.01831971857,18566.572680281435,"Moderate shortage: partial supply, review local distribution trunk and pressures."
39,Chokkasandra,5811,140.930617,1631.141400462963,1.631141400462963,J39,1351.8969428810776,9.217134717832096,279.2444575818854,17.11957390711977,1.0,140930.61700000003,116803.89586492511,24126.7211350749,"Moderate shortage: partial supply, review local distribution trunk and pressures."
40,Doddabidirakalu,1,-2e-06,-2.3148148148148147e-05,-2.3148148148148148e-08,J40,0.0,96.29882672691267,0.0,0.0,1.7259765345382534,-0.002,0.0,0.0,Satisfactory supply.
41,Peenya Industrial Area,7549,195.207224,2259.3428703703703,2.25934287037037,J41,1999.2570102084526,9.253675755800296,260.0858601619177,11.511571066647457,1.0,195207.22400000002,172735.8056820103,22471.41831798969,"Moderate shortage: partial supply, review local distribution trunk and pressures."
42,Lakshmidevinagar,5141,105.117626,1216.639189814815,1.216639189814815,J42,1208.7340777334744,113.09335472946199,7.905112081340576,0.6497499133283563,2.06186709458924,105117.62600000002,104434.6243161722,683.0016838278258,Satisfactory supply.
43,Nandini Layout,6437,154.325416,1786.1737962962964,1.7861737962962965,J43,1474.1310822515884,100.87846276899505,312.04271404470796,17.46989652920344,1.817569255379901,154325.41600000003,127364.92550653724,26960.49049346277,"Moderate shortage: partial supply, review local distribution trunk and pressures."
44,Marappanahalli,4439,124.247324,1438.0477314814816,1.4380477314814817,J44,1406.3837080539251,10.89426211758974,31.664023427556458,2.2018756912147888,1.0,124247.32400000002,121511.55237585914,2735.771624140878,Satisfactory supply.
45,Malleshwaram,3652,105.58145,1222.007523148148,1.222007523148148,J45,1162.6766921350109,86.15093572670283,59.330831013137185,4.8551935965409205,1.5230187145340566,105581.45,100455.26620046495,5126.183799535053,Satisfactory supply.
46,Jayachamarajendra Nagar,5320,181.330459,2098.732164351852,2.098732164351852,J46,1731.5505613330172,10.194457618223552,367.18160301883495,17.495400759354684,1.0,181330.45900000003,149605.96849917268,31724.49050082734,"Moderate shortage: partial supply, review local distribution trunk and pressures."
47,Devarajeevanahalli,3766,80.001968,925.9487037037036,0.9259487037037036,J47,910.5546653919661,10.382943995459627,15.394038311737518,1.6625152397927532,1.0,80001.968,78671.92308986587,1330.0449101341217,Satisfactory supply.
48,Muneshwaranagar,2197,37.13181,429.7663194444444,0.4297663194444444,J48,420.84692681760754,8.718468387731619,8.919392626836839,2.0754052198336224,1.0,37131.81,36361.17447704129,770.635522958703,Satisfactory supply.
49,Lingarajapura,5721,95.288697,1102.8784375,1.1028784375,J49,1083.9682141828923,9.691919740470654,18.910223317107693,1.7146244476384274,1.0,95288.69700000001,93654.8537054019,1633.8432945981049,Satisfactory supply.
50,Benniganahalli,5855,367.850544,4257.529444444444,4.257529444444445,J50,3808.69836796484,88.61652520311961,448.83107647960423,10.542054549153475,1.5723305040623923,367850.544,329071.5389921622,38779.00500783781,"Moderate shortage: partial supply, review local distribution trunk and pressures."
51,Vijinapura,6196,129.934883,1503.8759606481483,1.5038759606481482,J51,1229.2552563768652,110.61802222706157,274.6207042712831,18.26086136471825,2.0123604445412315,129934.88300000002,106207.65415096116,23727.22884903886,"Moderate shortage: partial supply, review local distribution trunk and pressures."
52,K.R.Puram,8831,168.301882,1947.938449074074,1.947938449074074,J52,1752.3910851363378,78.28897286067391,195.54736393773624,10.038682897331125,1.365779457213478,168301.882,151406.5897557796,16895.29224422041,"Moderate shortage: partial supply, review local distribution trunk and pressures."
53,Basavanapura,8086,188.70491,2184.0846064814814,2.1840846064814814,J53,1848.6013123659682,9.367297936871465,335.4832941155132,15.360361641665998,1.0,188704.91,159719.15338841965,28985.756611580346,"Moderate shortage: partial supply, review local distribution trunk and pressures."
54,Hoodi,5137,315.296895,3649.269618055556,3.649269618055556,J54,3062.601012207354,11.190893072385592,586.6686058482019,16.076329437143567,1.0,315296.895,264608.7274547154,50688.16754528465,"Moderate shortage: partial supply, review local distribution trunk and pressures."
55,Devasandra,3223,81.481933,943.0779282407408,0.9430779282407408,J55,897.3170428310425,80.90040183607124,45.76088540969829,4.8522909973158495,1.4180080367214247,81481.933,77528.19250060208,3953.7404993979326,Satisfactory supply.
56,A. Narayanapura,8396,228.107695,2640.1353587962963,2.640135358796296,J56,2140.6590891522446,10.512614294013176,499.4762696440516,18.918585669477768,1.0,228107.695,184952.94530275394,43154.749697246065,"Moderate shortage: partial supply, review local distribution trunk and pressures."
57,C.V. Ramannagar,3244,81.322603,941.2338310185185,0.9412338310185184,J57,929.7392993693153,96.45248541913676,11.494531649203168,1.2212195599434439,1.7290497083827354,81322.603,80329.47546550885,993.1275344911538,Satisfactory supply.
58,Hosathippasandra,6020,151.458424,1752.9910185185186,1.7529910185185185,J58,1575.775392071425,48.595041950821965,177.21562644709365,10.109328831408474,1.0,151458.424,136146.99387497111,15311.430125028894,"Moderate shortage: partial supply, review local distribution trunk and pressures."
59,Maruthiseva Nagar,5577,161.298277,1866.8782060185185,1.8668782060185185,J59,1537.7371091725006,90.80198780323644,329.14109684601794,17.630560782429157,1.6160397560647288,161298.277,132860.48623250407,28437.790767495953,"Moderate shortage: partial supply, review local distribution trunk and pressures."
60,Sagayapuram,4406,98.364688,1138.480185185185,1.1384801851851851,J60,1136.1105004322746,98.30836174537733,2.369684752910416,0.2081445758781444,1.7661672349075466,98364.688,98159.94723734853,204.74076265145996,Satisfactory supply.
61,S.K. Garden,2880,79.395742,918.932199074074,0.918932199074074,J61,916.7167953028566,10.096396699359515,2.2154037712174386,0.24108457331778158,1.0,79395.742,79204.33111416681,191.4108858331867,Satisfactory supply.
62,Ramaswamy palya,3129,78.750696,911.4663888888888,0.9114663888888888,J62,898.0661589803478,117.38437017542375,13.40022990854095,1.4701836591995814,2.147687403508475,78750.696,77592.91613590207,1157.7798640979381,Satisfactory supply.
63,Jayamahal,3072,119.963553,1388.467048611111,1.388467048611111,J63,1326.587605754921,9.181717845406048,61.87944285619005,4.45667348880107,1.0,119963.553,114617.16913722518,5346.383862774821,Satisfactory supply.
64,Rajamahal,3692,92.203438,1067.1694212962964,1.0671694212962963,J64,1023.4210821857732,85.06264420391894,43.74833911052315,4.099474576153224,1.5012528840783788,92203.43800000001,88423.5815008508,3779.8564991492003,Satisfactory supply.
65,Kadumalleshwara,5601,157.508054,1823.0098842592597,1.8230098842592597,J65,1547.658357992198,8.674607141758154,275.3515262670617,15.104225635010463,1.0,157508.05400000006,133717.6821305259,23790.37186947413,"Moderate shortage: partial supply, review local distribution trunk and pressures."
66,Subramanyanagar,4280,121.23062,1403.132175925926,1.403132175925926,J66,1376.1255622019876,121.28155930798981,27.00661372393847,1.9247376824009343,2.225631186159796,121230.62000000002,118897.24857425173,2333.3714257482843,Satisfactory supply.
67,Nagapura,5780,176.13729,2038.6260416666669,2.038626041666667,J67,1672.8530882991238,9.100661391541614,365.7729533675431,17.942130920122434,1.0,176137.29000000004,144534.50682904432,31602.783170955725,"Moderate shortage: partial supply, review local distribution trunk and pressures."
68,Mahalakshmipuram,5090,119.764729,1386.1658449074077,1.3861658449074077,J68,1346.8781846804272,9.592294508275241,39.287660226980506,2.834268379308164,1.0,119764.72900000004,116370.27515638892,3394.453843611116,Satisfactory supply.
69,Laggere,10212,248.021244,2870.61625,2.87061625,J69,2324.944244441624,76.19498931794385,545.672005558376,19.008880255533146,1.323899786358877,248021.244,200875.18271975633,47146.06128024369,"Moderate shortage: partial supply, review local distribution trunk and pressures."
70,Rajagopalanagar,8244,201.164368,2328.2912962962964,2.3282912962962965,J70,1938.4421936680528,11.431558801105627,389.8491026282436,16.744000342585643,1.0,201164.36800000002,167481.40553291977,33682.96246708025,"Moderate shortage: partial supply, review local distribution trunk and pressures."
71,Hegganahalli,8643,241.877364,2799.506527777777,2.799506527777777,J71,2377.0671255333773,8.788101540199262,422.43940224439984,15.089780932917787,1.0,241877.36399999997,205378.5996460838,36498.76435391615,"Moderate shortage: partial supply, review local distribution trunk and pressures."
72,herohalli,10672,206.230903,2386.931747685185,2.386931747685185,J72,2026.648376516393,105.01643253210113,360.2833711687922,15.093995524513437,1.9003286506420227,206230.90300000002,175102.41973101636,31128.483268983648,"Moderate shortage: partial supply, review local distribution trunk and pressures."
73,Kottigepalya,8452,204.271573,2364.2543171296293,2.364254317129629,J73,2068.539737050751,11.219904580662615,295.7145800788785,12.507731420277018,1.0,204271.57299999997,178721.83328118487,25549.739718815104,"Moderate shortage: partial supply, review local distribution trunk and pressures."
74,Shakthiganapathi nagar,6108,161.789599,1872.5648032407407,1.8725648032407407,J74,1518.7468423901348,8.759494875123746,353.8179608506059,18.894831315758655,1.0,161789.59900000002,131219.72718250766,30569.871817492352,"Moderate shortage: partial supply, review local distribution trunk and pressures."
75,Shankaramata,5206,148.415701,1717.7743171296297,1.7177743171296298,J75,1414.1797210372906,85.80790604019127,303.5945960923391,17.67371843116389,1.5161581208038255,148415.70100000003,122185.12789762192,26230.573102378097,"Moderate shortage: partial supply, review local distribution trunk and pressures."
76,Gayathrinagar,4371,118.492529,1371.4413078703703,1.3714413078703704,J76,1360.613463379898,131.51178694805427,10.827844490472444,0.7895229951390599,2.4302357389610854,118492.52900000001,117557.00323602319,935.5257639768192,Satisfactory supply.
77,Dattathreya Temple,4480,115.808363,1340.3745717592592,1.3403745717592592,J77,1316.459349409237,10.970125071619753,23.915222350022304,1.7842193409140297,1.0,115808.363,113742.08778895807,2066.2752110419274,Satisfactory supply.
78,Pulikeshinagar,3576,118.685301,1373.6724652777777,1.3736724652777776,J78,1328.955995133008,141.02068951573975,44.7164701447698,3.2552497975365213,2.620413790314795,118685.301,114821.7979794919,3863.503020508111,Satisfactory supply.
79,Sarvagnanagar,3434,79.998555,925.9092013888887,0.9259092013888888,J79,914.6566243450446,11.333306750053744,11.252577043844099,1.2153002720963277,1.0,79998.555,79026.33234341186,972.2226565881302,Satisfactory supply.
80,Hoysalanagar,5465,154.061095,1783.114525462963,1.783114525462963,J80,1442.9245350509516,10.761672194541969,340.1899904120114,19.07841507396646,1.0,154061.095,124668.67982840222,29392.41517159779,"Moderate shortage: partial supply, review local distribution trunk and pressures."
81,Vignananagar,7018,199.512806,2309.1759953703704,2.3091759953703703,J81,1891.4797788063934,10.34662912095066,417.69621656397703,18.088539695606112,1.0,199512.806,163423.8528888724,36088.953111127616,"Moderate shortage: partial supply, review local distribution trunk and pressures."
82,Garudacharpalya,4339,188.172849,2177.926493055556,2.1779264930555557,J82,1791.449414178335,117.05722819821985,386.47707887722095,17.745184702492274,2.1411445639643967,188172.84900000005,154781.22938500816,33391.61961499189,"Moderate shortage: partial supply, review local distribution trunk and pressures."
83,Kadugodi,937,46.608975,539.4557291666666,0.5394557291666666,J83,530.2867053029868,11.214908856725437,9.169023863679854,1.6996805053574755,1.0,46608.975,45816.77133817806,792.2036618219395,Satisfactory supply.
84,Hagadooru,1998,123.214916,1426.0985648148148,1.4260985648148148,J84,1419.8580322148864,9.629739877253309,6.240532599928429,0.43759476055140617,1.0,123214.91600000001,122675.7339833662,539.1820166338163,Satisfactory supply.
85,Doddanekkundi,6600,439.342802,5084.98613425926,5.08498613425926,J85,4225.5379889526375,62.054102504467565,859.4481453066228,16.901681196655225,1.0410820500893514,439342.80200000014,365086.4822455079,74256.31975449221,"Moderate shortage: partial supply, review local distribution trunk and pressures."
86,Marathalli,4592,158.856624,1838.6183333333329,1.8386183333333328,J86,1584.093592114067,105.15185772534007,254.52474121926593,13.843261355815153,1.9030371545068014,158856.62399999998,136865.6863586554,21990.93764134458,"Moderate shortage: partial supply, review local distribution trunk and pressures."
87,HAL Airport,4369,93.435892,1081.4339351851852,1.0814339351851852,J87,1038.017370816102,113.81848174914747,43.41656436908329,4.014721838893341,2.0763696349829495,93435.892,89684.70083851121,3751.1911614887963,Satisfactory supply.
88,Jeevanbhimanagar,6008,152.305768,1762.7982407407408,1.7627982407407408,J88,1572.9067893839865,136.4235692009382,189.89145135675426,10.772160248864356,2.528471384018764,152305.768,135899.14660277645,16406.621397223567,"Moderate shortage: partial supply, review local distribution trunk and pressures."
89,Jogupalya,4071,128.261486,1484.5079398148148,1.4845079398148149,J89,1441.2381772499677,86.31290918491884,43.26976256484704,2.9147545394903536,1.5262581836983768,128261.486,124522.97851439723,3738.5074856027845,Satisfactory supply.
90,Ulsoor,5605,327.026064,3785.023888888889,3.785023888888889,J90,3128.759973265397,84.27803083752707,656.2639156234918,17.338435235507617,1.4855606167505413,327026.064,270324.8616901303,56701.202309869695,"Moderate shortage: partial supply, review local distribution trunk and pressures."
91,Bharathinagar,2232,96.06074,1111.8141203703703,1.1118141203703704,J91,1098.9695741501394,14.25021075911579,12.844546220230995,1.155278205672742,1.0,96060.74,94950.97120657205,1109.7687934279581,Satisfactory supply.
92,Shivajinagar,5135,208.052563,2408.015775462963,2.408015775462963,J92,2022.0397583354572,8.73427352350963,385.9760171275059,16.028799356735878,1.0,208052.56300000002,174704.23512018353,33348.32787981651,"Moderate shortage: partial supply, review local distribution trunk and pressures."
93,Vasanthnagar,3732,253.786112,2937.339259259259,2.937339259259259,J93,2393.537751053847,9.679770515550723,543.8015082054121,18.51340482687548,1.0,253786.112,206801.6616910524,46984.45030894761,"Moderate shortage: partial supply, review local distribution trunk and pressures."
94,Gandhinagar,4770,384.449458,4449.64650462963,4.44964650462963,J94,3596.6732354319697,10.821170380510463,852.9732691976601,19.169461401263785,1.0,384449.45800000004,310752.5675413222,73696.89045867784,"Moderate shortage: partial supply, review local distribution trunk and pressures."
95,Subhashnagar,3091,59.783722,691.9412268518519,0.6919412268518519,J95,666.3223211805847,75.39580032147738,25.618905671267157,3.7024684578813654,1.3079160064295476,59783.722,57570.24855000252,2213.4734499974825,Satisfactory supply.
96,Okalipuram,3419,131.033607,1516.592673611111,1.516592673611111,J96,1301.4538181885735,18.423838339279005,215.13885542253752,14.185671549518775,1.0,131033.60699999999,112445.60989149276,18587.997108507243,"Moderate shortage: partial supply, review local distribution trunk and pressures."
97,Dayanandanagar,3496,84.843577,981.9858449074076,0.9819858449074076,J97,937.097439233138,108.04204011237867,44.88840567426962,4.571186632379837,1.9608408022475734,84843.57700000002,80965.21874974313,3878.3582502568956,Satisfactory supply.
98,Prakashnagar,3074,82.649624,956.5928703703704,0.9565928703703704,J98,947.9966056564944,11.314332778091863,8.596264713876053,0.8986335754883664,1.0,82649.62400000001,81906.90672872112,742.7172712788911,Satisfactory supply.
99,Rajajinagar,3920,115.832573,1340.6547800925923,1.3406547800925923,J99,1292.8624527573638,72.52873791013667,47.79232733522849,3.5648496574135007,1.2505747582027333,115832.57299999999,111703.31591823624,4129.257081763742,Satisfactory supply.
100,Basaveshwaranagar,5763,172.070536,1991.5571296296293,1.9915571296296293,J100,1657.7934871991768,100.67711847909693,333.7636424304526,16.758928853450602,1.8135423695819388,172070.536,143233.3572940089,28837.178705991108,"Moderate shortage: partial supply, review local distribution trunk and pressures."
101,Kamakshipalya,3682,95.97975,1110.876736111111,1.1108767361111112,J101,1096.9546613769369,9.660558273975926,13.922074734174203,1.2532510837261517,1.0,95979.75,94776.88274296735,1202.8672570326512,Satisfactory supply.
102,Vrushabhavathi Nagar,4171,99.551777,1152.2196412037038,1.1522196412037038,J102,1117.0249208927744,10.930968103632928,35.19472031092937,3.0545148730637903,1.0,99551.77700000002,96510.95316513571,3040.8238348642976,Satisfactory supply.
103,Kaveripura,5037,108.619788,1257.1734722222222,1.2571734722222223,J103,1255.5068829498477,8.664001010549683,1.6665892723744946,0.1325663728354509,1.0,108619.78800000002,108475.79468686685,143.99331313315633,Satisfactory supply.
104,Govindrajnagara,2877,67.934803,786.2824421296297,0.7862824421296296,J104,750.7159514988393,94.6713595252233,35.56649063079033,4.523373373880666,1.6934271905044658,67934.803,64861.858209499725,3072.9447905002844,Satisfactory supply.
105,Agrahara Dasarahalli,3209,93.150714,1078.133263888889,1.078133263888889,J105,1060.0919176284665,103.69433165005397,18.041346260422415,1.6733874062419927,1.8738866330010793,93150.714,91591.94168309952,1558.7723169004967,Satisfactory supply.
106,Dr. Rajkumar Ward,2469,85.758641,992.576863425926,0.992576863425926,J106,985.9410681132691,119.23707344737674,6.63579531265691,0.6685422114064948,2.184741468947535,85758.64100000002,85185.30828498646,573.332715013557,Satisfactory supply.
107,Shivanagar,2454,88.380684,1022.9245833333333,1.0229245833333334,J107,985.546241489039,89.3227953467698,37.37834184429437,3.654066238440781,1.586455906935396,88380.68400000001,85151.19526465297,3229.4887353470335,Satisfactory supply.
108,Srirammandira ward,4675,118.221152,1368.3003703703703,1.3683003703703702,J108,1331.83625635664,10.440222971062061,36.464114013730295,2.6649202765223414,1.0,118221.152,115070.6525492137,3150.4994507862975,Satisfactory supply.
109,Chikpet,5597,113.139306,1309.4827083333332,1.3094827083333331,J109,1272.589592966902,84.31048531950768,36.893115366431175,2.8173808735044332,1.4862097063901536,113139.306,109951.74083234035,3187.5651676596535,Satisfactory supply.
110,Sampangiramnagar,3008,132.975356,1539.0666203703704,1.5390666203703705,J110,1323.7585662443294,94.7755831271072,215.30805412604104,13.989521394091959,1.695511662542144,132975.356,114372.74012351007,18602.61587648995,"Moderate shortage: partial supply, review local distribution trunk and pressures."
111,Shanthala Nagar,3775,234.345048,2712.3269444444445,2.7123269444444444,J111,2183.728017205228,127.85650099902966,528.5989272392167,19.488761423910404,2.3571300199805933,234345.048,188674.1006865317,45670.94731346832,"Moderate shortage: partial supply, review local distribution trunk and pressures."
112,Dommalur,4756,198.061445,2292.377835648148,2.292377835648148,J112,1859.742729897094,10.31294087548237,432.63510575105397,18.872766043331183,1.0,198061.445,160681.77186310894,37379.67313689106,"Moderate shortage: partial supply, review local distribution trunk and pressures."
113,Konena Agrahara,3932,131.062724,1516.9296759259262,1.516929675925926,J113,1364.3098479292466,9.548692105282386,152.61982799667953,10.061101079291705,1.0,131062.72400000003,117876.37086108692,13186.353138913113,"Moderate shortage: partial supply, review local distribution trunk and pressures."
114,Agaram,2928,157.703739,1825.2747569444443,1.8252747569444443,J114,1471.0173923272841,10.156539742668476,354.2573646171602,19.408440470090973,1.0,157703.739,127095.90269707736,30607.836302922642,"Moderate shortage: partial supply, review local distribution trunk and pressures."
115,Vannarpet,5170,108.512011,1255.9260532407407,1.2559260532407406,J115,1238.914788795962,93.61976886547141,17.01126444477859,1.354479780149748,1.6723953773094284,108512.011,107042.23775197113,1469.7732480288703,Satisfactory supply.
116,Neelasandra,2639,63.21267,731.628125,0.731628125,J116,715.8131980595979,125.21291952118354,15.814926940402074,2.1616072974780836,2.304258390423671,63212.67,61846.26031234926,1366.4096876507392,Satisfactory supply.
117,Shanthinagar,6210,246.346237,2851.2295949074078,2.851229594907408,J117,2516.734789519097,10.415316473080264,334.49480538831085,11.731598394803186,1.0,246346.23700000005,217445.88581444998,28900.35118555006,"Moderate shortage: partial supply, review local distribution trunk and pressures."
118,Sudamnagar,5143,102.94595,1191.5040509259259,1.1915040509259258,J118,1184.0238753216531,11.203837685820858,7.480175604272745,0.6277927127868218,1.0,102945.95,102299.66282779083,646.2871722091652,Satisfactory supply.
119,Dharmarayaswamy Temple Ward,4968,99.841961,1155.5782523148148,1.1555782523148148,J119,1111.4301725697778,63.17000187496753,44.148079745036966,3.8204318622820264,1.0634000374993506,99841.96100000001,96027.5669100288,3814.3940899711943,Satisfactory supply.
120,Cottonpet,3063,63.654457,736.7414004629629,0.7367414004629629,J120,705.1759262770022,10.634704921376057,31.56547418596074,4.28447134450775,1.0,63654.457,60927.20003033299,2727.256969667008,Satisfactory supply.
121,Binnypet,4568,105.210713,1217.716585648148,1.2177165856481482,J121,1217.4586655419153,114.06595799620561,0.2579201062328593,0.02118063507327343,2.0813191599241123,105210.713,105188.42870282149,22.284297178519047,Satisfactory supply.
122,Kempapura Agrahara,3892,88.038879,1018.9685069444442,1.0189685069444443,J122,987.4905622968469,72.01169737854796,31.477944647597383,3.0891970098260955,1.2402339475709594,88038.87899999999,85319.18458244757,2719.694417552414,Satisfactory supply.
123,Vijaynagar,3600,93.564817,1082.9261226851852,1.0829261226851852,J123,1057.8456175478775,54.11619771850477,25.080505137307682,2.3159941026373017,1.0,93564.81700000001,91397.86135613662,2166.955643863384,Satisfactory supply.
124,Hosahalli,4507,117.534827,1360.3567939814816,1.3603567939814816,J124,1359.5173371580956,11.64078798285504,0.8394568233859445,0.061708577271778,1.0,117534.82700000002,117462.29793045948,72.5290695405456,Satisfactory supply.
125,Marenahalli,3389,94.15481,1089.7547453703703,1.0897547453703702,J125,1038.8771480582236,10.31482764419579,50.87759731214669,4.668719959999361,1.0,94154.81,89758.98559223053,4395.824407769474,Satisfactory supply.
126,Maruthi Mandira Ward,4021,101.675819,1176.8034606481478,1.176803460648148,J126,1131.046085042125,138.63344069182668,45.75737560602283,3.888276771451798,2.5726688138365335,101675.81899999997,97722.3817476396,3953.437252360373,Satisfactory supply.
127,Moodalapalya,5843,134.363714,1555.1355787037037,1.5551355787037038,J127,1331.0743319928974,60.44431781779462,224.06124671080624,14.407827187490263,1.0088863563558923,134363.714,115004.82228418635,19358.89171581366,"Moderate shortage: partial supply, review local distribution trunk and pressures."
128,Nagarabhavi,10830,260.820342,3018.753958333333,3.018753958333333,J128,2536.851039094489,125.24565779906732,481.9029192388439,15.963636847863699,2.304913155981346,260820.34199999998,219183.92977776384,41636.41222223611,"Moderate shortage: partial supply, review local distribution trunk and pressures."
129,Jnanabharathi ward,13787,333.93756,3865.018055555556,3.865018055555556,J129,3445.3455438261053,8.808757790208862,419.6725117294509,10.858229009466486,1.0,333937.56000000006,297677.8549865755,36259.70501342456,"Moderate shortage: partial supply, review local distribution trunk and pressures."
130,Ullalu,9012,193.315846,2237.4519212962964,2.237451921296296,J130,1968.018036957087,102.5055850451974,269.4338843392095,12.041996602238028,1.8501117009039483,193315.84600000002,170036.7583930923,23279.087606907702,"Moderate shortage: partial supply, review local distribution trunk and pressures."
131,Nayandanahalli,4349,124.739735,1443.7469328703705,1.4437469328703705,J131,1394.7706173056358,130.39154880668016,48.976315564734705,3.3923061202535645,2.407830976133603,124739.73500000002,120508.18133520694,4231.5536647930785,Satisfactory supply.
132,Attiguppe,5472,173.85573,2012.2190972222222,2.0122190972222223,J132,1731.317032488333,10.024740997386886,280.9020647338891,13.959815067934786,1.0,173855.73,149585.791606992,24269.938393008022,"Moderate shortage: partial supply, review local distribution trunk and pressures."
133,Hampinagar,3027,84.487917,977.8694097222223,0.9778694097222222,J133,956.139879621574,138.66274007330014,21.729530100648276,2.222130059965866,2.573254801466003,84487.91700000002,82610.485599304,1877.4314006960112,Satisfactory supply.
134,Bapujinagar,4458,132.311846,1531.3871064814816,1.5313871064814817,J134,1274.9360415955066,78.82405231826667,256.45106488597503,16.746325197630636,1.3764810463653334,132311.84600000002,110154.47399385177,22157.372006148245,"Moderate shortage: partial supply, review local distribution trunk and pressures."
135,Padarayanapura,2027,73.043915,845.4156828703703,0.8454156828703704,J135,836.5120772108894,95.78218633023951,8.903605659480945,1.0531630581125802,1.7156437266047901,73043.91500000001,72274.64347102086,769.2715289791537,Satisfactory supply.
136,Jagareevanram Nagar,4827,131.270654,1519.3362731481484,1.5193362731481483,J136,1358.9247084995259,9.294625453802034,160.41156464862252,10.558002693915872,1.0,131270.65400000004,117411.09481435905,13859.559185640986,"Moderate shortage: partial supply, review local distribution trunk and pressures."
137,Rayapuram,3459,81.732898,945.9826157407408,0.9459826157407408,J137,916.7517627887026,116.80760554089227,29.230852952038163,3.0899989561805294,2.1361521108178456,81732.89800000002,79207.35230494391,2525.5456950560974,Satisfactory supply.
138,Chalavadipalya,2391,55.790851,645.7274421296296,0.6457274421296296,J138,618.63324275177,135.75009894660522,27.09419937785958,4.195918836669238,2.5150019789321045,55790.851,53449.912173752935,2340.938826247068,Satisfactory supply.
139,K.R. Market,2928,54.062027,625.7179050925926,0.6257179050925925,J139,611.7476397349737,81.75003990142203,13.970265357618814,2.2326778958884868,1.4350007980284405,54062.027,52854.996073101735,1207.0309268982655,Satisfactory supply.
140,Chamrajpet,4785,165.876273,1919.8642708333332,1.919864270833333,J140,1620.1792609786187,48.03640624614689,299.6850098547145,15.609697748301432,1.0,165876.273,139983.48814855266,25892.784851447333,"Moderate shortage: partial supply, review local distribution trunk and pressures."
141,Azadnagar,4026,109.803729,1270.8764930555556,1.2708764930555556,J141,1244.6735244949657,119.05645006733138,26.202968560589852,2.0618029134829867,2.181129001346628,109803.729,107539.79251636505,2263.936483634963,Satisfactory supply.
142,Sunkenahalli,2893,66.158773,765.7265393518519,0.7657265393518519,J142,748.534771876377,10.306587785579227,17.191767475474876,2.24515758458977,1.0,66158.773,64673.40429011898,1485.3687098810294,Satisfactory supply.
143,Vishweshrapuram,4732,122.120172,1413.4279166666668,1.4134279166666668,J143,1367.3664992392175,131.002864036613,46.061417427449214,3.258844464886286,2.4200572807322605,122120.17200000002,118140.4655342684,3979.7064657316123,Satisfactory supply.
144,Siddapura,4483,127.001971,1469.9302199074075,1.4699302199074076,J144,1422.100660131229,75.88923798294145,47.829559776178485,3.2538660086321185,1.317784759658829,127001.97100000002,122869.4970353382,4132.473964661821,Satisfactory supply.
145,Hombegowdanagar,6521,199.944646,2314.1741435185186,2.3141741435185184,J145,1924.8125986296252,10.963452136298166,389.3615448888934,16.825075415322893,1.0,199944.646,166303.80852159963,33640.83747840039,"Moderate shortage: partial supply, review local distribution trunk and pressures."
146,Lakkasandra,2834,95.688479,1107.5055439814814,1.1075055439814814,J146,1079.4017124888544,10.941096281388194,28.103831492627023,2.537579305616275,1.0,95688.479,93260.30795903703,2428.171040962975,Satisfactory supply.
147,Adugodi,3410,108.204782,1252.370162037037,1.252370162037037,J147,1234.1770069025742,11.377062270748896,18.193155134462813,1.452697907212259,1.0,108204.782,106632.89339638242,1571.8886036175873,Satisfactory supply.
148,Ejipura,4786,138.668628,1604.9609722222222,1.6049609722222222,J148,1299.6524684417068,123.23175109257981,305.30850378051537,19.0227992496158,2.2646350218515963,138668.628,112289.97327336347,26378.65472663653,"Moderate shortage: partial supply, review local distribution trunk and pressures."
149,Varthur,3304,167.414887,1937.6723032407408,1.9376723032407408,J149,1612.5073001129047,8.687037586149923,325.16500312783614,16.7812174733571,1.0,167414.88700000002,139320.63072975498,28094.256270245045,"Moderate shortage: partial supply, review local distribution trunk and pressures."
150,Bellandur,4766,334.916877,3876.352743055556,3.876352743055556,J150,3461.1234800128386,8.859549956996183,415.2292630427173,10.711854430342957,1.0,334916.87700000004,299041.0686731093,35875.80832689078,"Moderate shortage: partial supply, review local distribution trunk and pressures."
151,Koramangala,7146,290.214217,3358.960844907408,3.358960844907408,J151,2931.1982190164954,130.42457941179302,427.76262589091266,12.734969106277397,2.4084915882358606,290214.21700000006,253255.52612302522,36958.690876974855,"Moderate shortage: partial supply, review local distribution trunk and pressures."
152,Sudduguntepalya,4073,144.292601,1670.053252314815,1.6700532523148148,J152,1367.8545439770924,10.493420215001832,302.19870833772256,18.095154026906222,1.0,144292.60100000002,118182.63259962079,26109.96840037923,"Moderate shortage: partial supply, review local distribution trunk and pressures."
153,Jayanagar,3983,178.41642499999998,2065.0049189814813,2.065004918981481,J153,1699.48932125951,11.13616025419678,365.5155977219713,17.70047104305465,1.0,178416.425,146835.87735682167,31580.54764317832,"Moderate shortage: partial supply, review local distribution trunk and pressures."
154,Basavanagudi,5792,137.534205,1591.831076388889,1.591831076388889,J154,1280.01971514507,11.228206912347751,311.81136124381896,19.588219244417022,1.0,137534.20500000002,110593.70338853405,26940.50161146596,"Moderate shortage: partial supply, review local distribution trunk and pressures."
155,Hanumanthanagar,4137,88.739762,1027.0805787037036,1.0270805787037036,J155,1003.4777133016532,11.37566579611421,23.602865402050384,2.2980539104185937,1.0,88739.762,86700.47442926285,2039.2875707371534,Satisfactory supply.
156,Srinagar,5672,143.67676,1662.925462962963,1.6629254629629628,J156,1436.1059074934751,87.39586709233264,226.8195554694878,13.639790869841265,1.5479173418466528,143676.76,124079.55040743625,19597.209592563748,"Moderate shortage: partial supply, review local distribution trunk and pressures."
157,Gali Anjaneya swamy Temple Ward,5382,138.8667,1607.2534722222224,1.6072534722222225,J157,1341.5129384023608,10.306769545384194,265.74053381986164,16.533828572318665,1.0,138866.7,115906.71787796398,22959.982122036046,"Moderate shortage: partial supply, review local distribution trunk and pressures."
158,Deepanjali Nagar,2933,77.106885,892.4407986111111,0.892440798611111,J158,876.0841401260253,131.89363591459318,16.356658485085745,1.8328003953361733,2.437872718291864,77106.885,75693.6697068886,1413.2152931114085,Satisfactory supply.
159,Kengeri,14453,290.123297,3357.9085300925926,3.3579085300925926,J159,2805.6364834360293,88.63610607586934,552.2720466565634,16.44690561720973,1.5727221215173868,290123.297,242406.99216887294,47716.304831127076,"Moderate shortage: partial supply, review local distribution trunk and pressures."
160,Rajarajeshwarinagar,16297,454.761435,5263.442534722223,5.263442534722223,J160,4686.869172865891,10.065147300440794,576.5733618563318,10.954301449151478,1.0,454761.4350000001,404945.496535613,49815.938464387065,"Moderate shortage: partial supply, review local distribution trunk and pressures."
161,Hosakerehalli,7363,168.984706,1955.8415046296295,1.9558415046296296,J161,1689.451062327365,9.114519262369466,266.39044230226455,13.620246920402169,1.0,168984.706,145968.57178508435,23016.13421491566,"Moderate shortage: partial supply, review local distribution trunk and pressures."
162,Girinagar,7733,192.095687,2223.329710648148,2.223329710648148,J162,1892.5695155635303,8.22870757142356,330.76019508461786,14.876794633765506,1.0,192095.687,163518.00614468902,28577.680855310984,"Moderate shortage: partial supply, review local distribution trunk and pressures."
163,Katriguppe,6518,146.495708,1695.552175925926,1.695552175925926,J163,1521.3483917901835,131.4637379468608,174.20378413574235,10.274162400258266,2.4292747589372157,146495.708,131444.50105067185,15051.20694932814,"Moderate shortage: partial supply, review local distribution trunk and pressures."
164,Vidyapeetha Ward,4754,108.01665,1250.1927083333333,1.2501927083333333,J164,1207.925761729988,8.65447235463936,42.26694660334533,3.3808345162797,1.0,108016.65,104364.78581347097,3651.864186529037,Satisfactory supply.
165,Ganeshmandira Ward,4494,111.421596,1289.6018055555555,1.2896018055555556,J165,1260.0830480857558,11.197507315706511,29.518757469799766,2.2889823310291657,1.0,111421.596,108871.17535460931,2550.4206453907,Satisfactory supply.
166,Karisandra,4636,121.137637,1402.0559837962965,1.4020559837962965,J166,1367.670093996501,8.712877946600084,34.38588979979545,2.4525332937626367,1.0,121137.63700000002,118166.69612129769,2970.940878702327,Satisfactory supply.
167,Yadiyuru,4395,108.17055,1251.9739583333333,1.2519739583333334,J167,1250.4054074468834,9.333384675796273,1.5685508864498843,0.12528622308869652,1.0,108170.55,108035.02720341073,135.52279658927,Satisfactory supply.
168,Pattabhiramnagar,4302,151.57331,1754.3207175925927,1.7543207175925928,J168,1513.284805142671,127.24843218764255,241.03591244992163,13.739557997165349,2.3449686437528507,151573.31000000003,130747.80716432679,20825.50283567323,"Moderate shortage: partial supply, review local distribution trunk and pressures."
169,Byrasandra,3839,117.212586,1356.6271527777778,1.3566271527777778,J169,1353.6775890999866,9.932444859460327,2.949563677791275,0.21741888858348896,1.0,117212.58600000001,116957.74369823885,254.84230176116617,Satisfactory supply.
170,Jayanagar East,3888,104.894709,1214.0591319444445,1.2140591319444445,J170,1185.7309667496106,84.32416487070753,28.3281651948339,2.3333431172716717,1.4864832974141506,104894.70900000002,102447.15552716637,2447.5534728336493,Satisfactory supply.
171,Gurappanapalya,4061,185.442721,2146.327789351852,2.146327789351852,J171,1814.5513133615955,9.905840711133258,331.7764759902566,15.457866111422172,1.0,185442.72100000002,156777.23347444186,28665.487525558172,"Moderate shortage: partial supply, review local distribution trunk and pressures."
172,Madiwala,5570,173.184595,2004.4513310185184,2.0044513310185184,J172,1629.0981392134138,10.840673993233185,375.35319180510464,18.725981818395017,1.0,173184.595,140754.07922803896,32430.515771961043,"Moderate shortage: partial supply, review local distribution trunk and pressures."
173,Jakkasandra,2855,126.029759,1458.6777662037036,1.4586777662037036,J173,1402.2334603524357,9.60333046968128,56.44430585126793,3.8695527661443427,1.0,126029.759,121152.97097445045,4876.788025549549,Satisfactory supply.
174,HSR Layout,14105,572.166949,6622.302650462963,6.622302650462963,J174,5534.662792934006,8.919505698199316,1087.6398575289577,16.423892336798005,1.0,572166.949,478194.8653094981,93972.08369050195,"Moderate shortage: partial supply, review local distribution trunk and pressures."
175,Bommanahalli,6504,297.594763,3444.3838310185183,3.444383831018518,J175,2892.6271443231744,106.68186286502328,551.7566866953439,16.01902441088243,1.9336372573004654,297594.763,249922.9852695223,47671.77773047771,"Moderate shortage: partial supply, review local distribution trunk and pressures."
176,BTM Layout,7549,258.409435,2990.849942129629,2.9908499421296293,J176,2526.5855823079573,9.37623643516337,464.26435982167186,15.522823572054346,1.0,258409.43499999997,218296.99431140753,40112.440688592455,"Moderate shortage: partial supply, review local distribution trunk and pressures."
177,J.P.Nagar,5613,176.659589,2044.6711689814813,2.0446711689814814,J177,1704.514017699291,8.553278391087153,340.1571512821904,16.636276602444294,1.0,176659.589,147270.01112921874,29389.577870781253,"Moderate shortage: partial supply, review local distribution trunk and pressures."
178,Sarakki,5619,177.153531,2050.388090277778,2.0503880902777776,J178,1652.082569786122,146.21042767559302,398.3055204916559,19.42586003012216,2.7242085535118603,177153.53100000002,142739.93402952095,34413.59697047907,"Moderate shortage: partial supply, review local distribution trunk and pressures."
179,Shakambarinagar,3774,113.19858,1310.16875,1.31016875,J179,1260.3080538367635,89.11764632093983,49.860696163236526,3.8056697782813496,1.5823529264187965,113198.58000000002,108890.61585149638,4307.964148503636,Satisfactory supply.
180,Banashankari Temple Ward,5171,120.24768,1391.7555555555555,1.3917555555555554,J180,1353.4652869777512,9.384164677448291,38.29026857780423,2.7512208178338953,1.0,120247.68000000001,116939.40079487771,3308.2792051222855,Satisfactory supply.
181,Kumaraswamy Layout,8364,269.272627,3116.5813310185185,3.1165813310185184,J181,2667.821903332939,118.6047215741222,448.75942768557934,14.399092467736818,2.172094431482444,269272.62700000004,230499.81244796596,38772.814552034055,"Moderate shortage: partial supply, review local distribution trunk and pressures."
182,Padmanabhanagar,6036,184.283748,2132.91375,2.13291375,J182,1891.7320251150966,8.767597200359024,241.1817248849036,11.307617332623204,1.0,184283.74800000002,163445.64696994436,20838.10103005567,"Moderate shortage: partial supply, review local distribution trunk and pressures."
183,Chikkallasandra,5170,132.392797,1532.3240393518518,1.5323240393518518,J183,1322.317304727837,8.653020435156405,210.00673462401483,13.705112576113097,1.0,132392.797,114248.21512848511,18144.58187151488,"Moderate shortage: partial supply, review local distribution trunk and pressures."
184,Uttarahalli,9119,327.472837,3790.194872685185,3.790194872685185,J184,3131.7972081436324,8.773574605451405,658.3976645415528,17.37107686167881,1.0,327472.837,270587.27878360986,56885.55821639016,"Moderate shortage: partial supply, review local distribution trunk and pressures."
185,Yelachenahalli,6523,198.628751,2298.943877314815,2.298943877314815,J185,2065.828393361731,11.491760104407536,233.1154839530841,10.14011199896558,1.0,198628.75100000002,178487.57318645355,20141.177813546466,"Moderate shortage: partial supply, review local distribution trunk and pressures."
186,Jaraganahalli,3043,83.844829,970.4262615740739,0.970426261574074,J186,954.6372312921494,127.70365383205704,15.78903028192451,1.627020094892528,2.354073076641141,83844.829,82480.65678364171,1364.1722163582779,Satisfactory supply.
187,Puttenahalli,4605,155.1418,1795.6226851851852,1.7956226851851853,J187,1583.2598559291266,41.77890211717524,212.3628292560586,11.826695608613193,1.0,155141.80000000002,136793.65155227654,18348.148447723466,"Moderate shortage: partial supply, review local distribution trunk and pressures."
188,Bilekahalli,4393,254.096835,2940.935590277778,2.940935590277778,J188,2388.829266470805,11.46086764403777,552.1063238069728,18.773152517591356,1.0,254096.83500000002,206394.8486230776,47701.986376922454,"Moderate shortage: partial supply, review local distribution trunk and pressures."
189,Hongasandra,8314,352.880862,4084.2692361111112,4.084269236111111,J189,3417.162223324071,53.900570328931735,667.1070127870403,16.333570933297107,1.0,352880.862,295242.8160951997,57638.04590480028,"Moderate shortage: partial supply, review local distribution trunk and pressures."
190,Mangammanapalya,3214,91.500888,1059.0380555555555,1.0590380555555554,J190,1057.2345859448826,10.496575846980317,1.8034696106728916,0.17029318268707713,1.0,91500.888,91345.06822563786,155.81977436213785,Satisfactory supply.
191,Singasandra,4572,173.776931,2011.3070717592593,2.0113070717592594,J191,1774.1474350517005,115.59330882365113,237.15963670755878,11.791319189273217,2.111866176473023,173776.931,153286.33838846695,20490.59261153308,"Moderate shortage: partial supply, review local distribution trunk and pressures."
192,Begur,6490,316.796943,3666.631284722222,3.666631284722222,J192,3105.1443962409094,36.92657729446395,561.4868884813127,15.313426545528696,1.0,316796.943,268284.4758352146,48512.46716478542,"Moderate shortage: partial supply, review local distribution trunk and pressures."
193,Arakere,9995,362.9845,4201.209490740741,4.201209490740741,J193,3506.66876005072,122.85672858105696,694.5407306900211,16.531923300200923,2.257134571621139,362984.50000000006,302976.1808683822,60008.31913161783,"Moderate shortage: partial supply, review local distribution trunk and pressures."
194,Gottigere,3671,99.342945,1149.802604166667,1.149802604166667,J194,1101.8424198901293,10.758509889905055,47.960184276537575,4.171166781388296,1.0,99342.94500000002,95199.18507850719,4143.759921492847,Satisfactory supply.
195,Konanakunte,10054,298.778588,3458.0855092592597,3.4580855092592597,J195,3076.486571764009,9.617043527871239,381.59893749525054,11.034976910590943,1.0,298778.58800000005,265808.4398004104,32970.14819958965,"Moderate shortage: partial supply, review local distribution trunk and pressures."
196,Anjanapura,7857,285.093835,3299.697164351852,3.299697164351852,J196,2729.04626329681,8.683392059157303,570.6509010550417,17.294038592997147,1.0,285093.835,235789.59714884442,49304.2378511556,"Moderate shortage: partial supply, review local distribution trunk and pressures."
197,Vasanthapura,4315,153.019933,1771.0640393518515,1.7710640393518515,J197,1428.8060931740715,9.158901954832665,342.25794617778,19.324989868973606,1.0,153019.933,123448.84645023978,29571.086549760195,"Moderate shortage: partial supply, review local distribution trunk and pressures."
198,Hemmigepura,4120,95.993893,1111.040428240741,1.111040428240741,J198,1083.9390492933924,107.55490365991187,27.10137894734862,2.4392792789963424,1.9510980731982375,95993.89300000003,93652.3338589491,2341.559141050921,Satisfactory supply.
